timestamp_s,pos_real_x,pos_real_y,pos_plan_x,pos_plan_y,desviacion_m,eta_s,vel_lineal,vel_angular
0.1770,-0.2336,0.9013,-0.1600,0.8300,0.1025,0.0000,0.0283,0.1579
0.3770,-0.2105,0.9096,-0.1600,0.8300,0.0943,699.3046,0.2011,0.3047
0.5770,-0.1652,0.9281,-0.1600,0.8300,0.0982,256.4831,0.2583,0.2632
0.7770,-0.1200,0.9491,-0.0712,0.8709,0.0922,213.9545,0.2600,0.2632
0.9770,-0.0735,0.9735,-0.0215,0.9046,0.0864,216.7806,0.2463,0.1579
1.1770,-0.0301,0.9986,0.0200,0.9200,0.0932,216.3153,0.2600,0.1579
1.3770,0.0116,1.0247,0.0200,0.9200,0.1051,213.0685,0.2600,0.0526
1.5770,0.0497,1.0494,0.1066,0.9591,0.1067,214.8021,0.2600,-0.0000
1.7770,0.0930,1.0776,0.1564,0.9926,0.1060,221.0369,0.2600,0.0526
1.9770,0.1347,1.1052,0.1935,1.0181,0.1050,218.0378,0.2600,-0.0000
2.1770,0.1757,1.1325,0.2303,1.0440,0.1040,213.1977,0.2600,0.1579
2.3770,0.2170,1.1609,0.2600,1.0400,0.1283,212.4003,0.2463,-0.0000
2.5770,0.2581,1.1889,0.3319,1.0691,0.1407,212.0117,0.2600,-0.0387
2.7769,0.3001,1.2173,0.3816,1.1026,0.1407,209.9247,0.2597,-0.0000
2.9770,0.3404,1.2444,0.4188,1.1280,0.1403,213.4646,0.2600,-0.0526
3.1769,0.3827,1.2724,0.4680,1.1623,0.1392,211.5020,0.2600,0.0299
3.3770,0.4238,1.2995,0.4700,1.1900,0.1189,211.3814,0.2600,-0.0526
3.5769,0.4662,1.3274,0.5351,1.2143,0.1324,210.6811,0.2600,0.0503
3.7769,0.5077,1.3550,0.5848,1.2479,0.1320,209.2786,0.2600,-0.0526
3.9769,0.5498,1.3826,0.6220,1.2732,0.1311,210.0487,0.2600,0.0526
4.1770,0.5877,1.4075,0.6590,1.2989,0.1300,211.5238,0.2600,-0.0000
4.3769,0.6294,1.4350,0.7081,1.3333,0.1286,210.3918,0.2600,0.0419
4.5769,0.6746,1.4649,0.7100,1.3400,0.1298,209.3878,0.2600,-0.0000
4.7769,0.7126,1.4900,0.7850,1.3708,0.1394,210.3231,0.2463,-0.0526
4.9769,0.7550,1.5174,0.8348,1.4043,0.1384,209.9853,0.2600,0.0526
5.1769,0.7963,1.5443,0.8720,1.4297,0.1374,209.7289,0.2575,-0.0520
5.3769,0.8377,1.5713,0.9211,1.4640,0.1358,212.0628,0.2466,0.0503
5.5769,0.8795,1.5987,0.9479,1.4802,0.1368,210.9383,0.2600,-0.0526
5.7769,0.9209,1.6255,0.9980,1.5132,0.1363,210.7030,0.2600,0.0526
5.9768,0.9627,1.6530,1.0352,1.5385,0.1355,210.5637,0.2600,-0.0122
6.1768,1.0039,1.6798,1.0846,1.5726,0.1341,210.0359,0.2600,0.0526
6.3768,1.0419,1.7045,1.1214,1.5985,0.1325,210.2935,0.2597,-0.0000
6.5769,1.0872,1.7338,1.1300,1.6100,0.1309,208.3586,0.2600,-0.0295
6.7768,1.1298,1.7612,1.2087,1.6432,0.1419,206.2209,0.2600,-0.0000
6.9768,1.1718,1.7883,1.2462,1.6680,0.1414,206.0478,0.2600,-0.0526
7.1768,1.2141,1.8151,1.2958,1.7018,0.1397,207.6581,0.2600,0.0526
7.3769,1.2555,1.8416,1.3329,1.7274,0.1380,208.6425,0.2600,-0.0526
7.5768,1.2938,1.8660,1.3697,1.7532,0.1360,209.0387,0.2600,0.0526
7.7768,1.3392,1.8952,1.4300,1.7711,0.1538,208.5586,0.2600,-0.0000
7.9768,1.3814,1.9220,1.4673,1.7962,0.1524,207.0763,0.2600,-0.0526
8.1768,1.4237,1.9486,1.5045,1.8215,0.1506,206.9018,0.2600,-0.0000
8.3767,1.4666,1.9755,1.5537,1.8559,0.1480,205.0093,0.2600,-0.0526
8.5767,1.5085,2.0014,1.5906,1.8816,0.1453,206.5528,0.2600,-0.0000
8.7768,1.5550,2.0301,1.6346,1.9171,0.1383,205.4276,0.2600,-0.0526
8.9768,1.5982,2.0566,1.6720,1.9420,0.1362,204.3170,0.2597,0.0526
9.1767,1.6401,2.0824,1.7216,1.9758,0.1342,205.9235,0.2600,-0.0000
9.3767,1.6785,2.1060,1.7585,2.0015,0.1317,206.5238,0.2600,0.0526
9.5767,1.7209,2.1324,1.7955,2.0271,0.1290,207.2305,0.2600,-0.0000
9.7767,1.7624,2.1582,1.7900,2.0300,0.1312,208.2820,0.2479,0.0122
9.9767,1.8053,2.1852,1.8795,2.0702,0.1369,206.3453,0.2600,-0.0000
10.1767,1.8463,2.2112,1.9169,2.0952,0.1358,206.9835,0.2600,0.1560
10.3767,1.8855,2.2367,1.9665,2.1291,0.1347,206.5067,0.2600,-0.0000
10.5767,1.9269,2.2638,2.0034,2.1548,0.1332,204.0147,0.2463,-0.0000
10.7767,1.9682,2.2908,2.0404,2.1805,0.1318,207.2102,0.2466,0.0526
10.9767,2.0095,2.3179,2.0916,2.1908,0.1513,204.8162,0.2499,-0.0070
11.1768,2.0519,2.3456,2.1414,2.2241,0.1509,203.1174,0.2600,-0.0526
11.3767,2.0939,2.3727,2.1787,2.2494,0.1496,202.0093,0.2600,-0.0000
11.5767,2.1314,2.3969,2.2156,2.2751,0.1481,205.2810,0.2517,-0.0084
11.7767,2.1767,2.4262,2.2652,2.3090,0.1468,205.2001,0.2597,-0.0000
11.9767,2.2183,2.4530,2.2400,2.3000,0.1545,205.1145,0.2463,-0.0526
12.1767,2.2599,2.4795,2.3484,2.3519,0.1553,204.0373,0.2463,0.0526
12.3767,2.3020,2.5065,2.3857,2.3771,0.1541,203.1341,0.2472,-0.0000
12.5766,2.3435,2.5333,2.4352,2.4109,0.1529,203.5289,0.2600,0.0503
12.7766,2.3886,2.5627,2.4722,2.4365,0.1514,202.5242,0.2573,0.1579
12.9766,2.4262,2.5881,2.4800,2.4500,0.1482,203.9443,0.2600,-0.0000
13.1766,2.4714,2.6188,2.5682,2.4889,0.1620,200.2786,0.2600,-0.0526
13.3766,2.5124,2.6464,2.6057,2.5139,0.1620,202.8994,0.2463,0.0526
13.5766,2.5532,2.6742,2.6430,2.5390,0.1623,202.4731,0.2472,-0.0000
13.7766,2.5974,2.7046,2.6923,2.5732,0.1620,203.1688,0.2600,-0.0000
13.9766,2.6385,2.7332,2.7294,2.5987,0.1624,201.2702,0.2600,0.1579
14.1766,2.6782,2.7622,2.7200,2.6000,0.1675,202.2833,0.2584,-0.0000
14.3765,2.7219,2.7939,2.8174,2.6445,0.1773,200.8509,0.2600,-0.0084
14.5766,2.7623,2.8233,2.8673,2.6780,0.1793,200.7191,0.2600,-0.0000
14.7766,2.8022,2.8522,2.9044,2.7033,0.1807,201.9843,0.2471,-0.0526
14.9766,2.8429,2.8813,2.9414,2.7289,0.1815,202.0061,0.2600,-0.0000
15.1765,2.8862,2.9121,2.9600,2.7200,0.2058,200.2754,0.2600,-0.0526
15.3765,2.9266,2.9404,3.0488,2.7579,0.2196,201.9214,0.2600,-0.0503
15.5765,2.9678,2.9686,3.0863,2.7826,0.2205,200.2761,0.2600,-0.0000
15.7765,3.0131,2.9990,3.1362,2.8160,0.2206,197.5670,0.2600,-0.0457
15.9765,3.0554,3.0271,3.1856,2.8500,0.2198,197.3939,0.2600,-0.0000
16.1765,3.0971,3.0544,3.1700,2.8700,0.1983,197.7255,0.2600,-0.0526
16.3765,3.1431,3.0838,3.2596,2.9083,0.2107,197.4516,0.2597,0.0023
16.5765,3.1852,3.1108,3.2972,2.9330,0.2101,199.0320,0.2600,-0.0526
16.7765,3.2270,3.1373,3.3471,2.9664,0.2089,197.9757,0.2466,0.0526
16.9765,3.2695,3.1646,3.3842,2.9919,0.2073,198.6355,0.2600,-0.0520
17.1766,3.3147,3.1933,3.4338,3.0255,0.2058,199.2625,0.2600,0.0526
17.3765,3.3561,3.2198,3.4625,3.0528,0.1981,199.7770,0.2573,-0.0000
17.5765,3.3975,3.2466,3.5129,3.0853,0.1983,200.1294,0.2592,0.0526
17.7765,3.4387,3.2735,3.5504,3.1102,0.1978,198.3931,0.2600,-0.0000
17.9764,3.4800,3.3006,3.5877,3.1354,0.1973,199.0229,0.2600,0.0526
18.1765,3.5253,3.3311,3.6375,3.1689,0.1973,196.5796,0.2600,0.1556
18.3765,3.5664,3.3594,3.6500,3.1700,0.2071,195.2593,0.2600,0.0526
18.5764,3.6074,3.3880,3.6500,3.1700,0.2221,196.7612,0.2600,-0.0526
18.7764,3.6478,3.4156,3.7659,3.2241,0.2250,198.6894,0.2592,-0.0526
18.9764,3.6917,3.4452,3.8160,3.2571,0.2255,200.0804,0.2517,-0.0280
19.1764,3.7339,3.4732,3.8657,3.2908,0.2250,196.0229,0.2600,-0.0295
19.3764,3.7749,3.5004,3.8900,3.3200,0.2140,195.9793,0.2600,-0.0023
19.5764,3.8172,3.5284,3.8900,3.3200,0.2207,195.7143,0.2600,-0.0526
19.7764,3.8625,3.5576,3.9892,3.3637,0.2316,195.5396,0.2600,-0.0122
19.9764,3.9046,3.5845,4.0267,3.3885,0.2309,194.2249,0.2600,-0.0526
20.1764,3.9465,3.6108,4.0766,3.4220,0.2293,196.1702,0.2463,-0.0526
20.3764,3.9922,3.6390,4.1135,3.4476,0.2266,195.9620,0.2600,-0.0000
20.5764,4.0349,3.6651,4.1000,3.4700,0.2057,194.1777,0.2463,-0.0526
20.7764,4.0775,3.6911,4.1906,3.5067,0.2164,196.2346,0.2600,-0.0000
20.9764,4.1227,3.7190,4.2409,3.5394,0.2151,195.9595,0.2600,0.1579
21.1763,4.1649,3.7460,4.2785,3.5641,0.2145,195.7392,0.2600,-0.0000
21.3764,4.2060,3.7724,4.3282,3.5977,0.2132,196.3298,0.2472,-0.0526
21.5763,4.2479,3.7993,4.3100,3.5900,0.2183,195.1974,0.2583,0.0006
21.7763,4.2893,3.8261,4.4182,3.6383,0.2278,194.6442,0.2463,-0.0000
21.9764,4.3316,3.8539,4.4559,3.6628,0.2280,193.2887,0.2600,-0.0000
22.1763,4.3728,3.8811,4.4935,3.6876,0.2281,194.8010,0.2597,-0.0526
22.3763,4.4172,3.9103,4.5433,3.7210,0.2275,195.8603,0.2600,0.0526
22.5763,4.4585,3.9379,4.5800,3.7400,0.2322,193.2912,0.2600,-0.0526
22.7763,4.5002,3.9653,4.5800,3.7400,0.2390,192.1878,0.2600,-0.0404
22.9763,4.5454,3.9947,4.6829,3.7821,0.2532,191.7480,0.2517,-0.0280
23.1763,4.5869,4.0214,4.7210,3.8061,0.2537,195.2487,0.2600,0.0526
23.3763,4.6281,4.0483,4.7714,3.8387,0.2539,193.8738,0.2600,-0.0000
23.5763,4.6695,4.0753,4.8088,3.8637,0.2533,193.4477,0.2463,-0.0526
23.7763,4.7152,4.1050,4.7900,3.8600,0.2562,192.4094,0.2600,-0.0000
23.9763,4.7571,4.1322,4.9005,3.9028,0.2705,189.5478,0.2600,-0.0503
24.1763,4.7991,4.1593,4.9390,3.9262,0.2718,190.9616,0.2600,-0.0000
24.3763,4.8405,4.1859,4.9898,3.9581,0.2724,192.4064,0.2597,-0.0526
24.5763,4.8826,4.2129,5.0274,3.9828,0.2719,192.2082,0.2600,0.0526
24.7762,4.9285,4.2426,5.0600,4.0100,0.2672,188.8672,0.2600,-0.0526
24.9763,4.9699,4.2692,5.0600,4.0100,0.2744,190.3012,0.2600,0.0526
25.1762,5.0119,4.2965,5.1698,4.0561,0.2876,190.2601,0.2471,-0.0070
25.3762,5.0532,4.3232,5.2079,4.0802,0.2880,191.5313,0.2600,0.0526
25.5762,5.0981,4.3529,5.2582,4.1128,0.2886,191.4297,0.2584,0.1579
25.7762,5.1391,4.3815,5.3000,4.1300,0.2986,190.0846,0.2597,0.0023
25.9762,5.1794,4.4099,5.3000,4.1300,0.3047,189.2214,0.2600,-0.0526
26.1762,5.2233,4.4401,5.3000,4.1300,0.3195,189.7378,0.2471,-0.0457
26.3762,5.2604,4.4655,5.4324,4.1899,0.3248,190.9724,0.2463,-0.0000
26.5762,5.3053,4.4960,5.4828,4.2224,0.3261,190.1492,0.2600,0.0526
26.7762,5.3468,4.5244,5.5204,4.2471,0.3272,187.6036,0.2600,-0.0175
26.9762,5.3881,4.5525,5.5400,4.2500,0.3385,187.0102,0.2597,-0.0526
27.1762,5.4296,4.5804,5.5400,4.2500,0.3483,187.8201,0.2600,-0.0000
27.3762,5.4706,4.6077,5.6610,4.3077,0.3554,187.6973,0.2600,-0.0526
27.5762,5.5154,4.6376,5.7109,4.3409,0.3553,187.4491,0.2600,-0.0000
27.7762,5.5571,4.6656,5.7606,4.3747,0.3550,188.2707,0.2463,-0.0526
27.9761,5.5985,4.6933,5.8100,4.4000,0.3616,186.7730,0.2600,-0.0000
28.1761,5.6400,4.7212,5.8100,4.4000,0.3635,186.5985,0.2600,-0.0387
28.3762,5.6808,4.7489,5.8100,4.4000,0.3720,187.3795,0.2463,0.0526
28.5761,5.7226,4.7774,5.9319,4.4572,0.3826,186.2330,0.2600,-0.0526
28.7762,5.7674,4.8074,5.9820,4.4903,0.3829,185.9940,0.2600,0.0457
28.9761,5.8084,4.8347,6.0500,4.5500,0.3734,187.7193,0.2600,-0.0526
29.1761,5.8507,4.8627,6.0500,4.5500,0.3708,185.7840,0.2600,0.0526
29.3761,5.8917,4.8900,6.0500,4.5500,0.3751,185.5513,0.2600,-0.0000
29.5761,5.9332,4.9179,6.0500,4.5500,0.3860,185.3986,0.2597,0.0526
29.7761,5.9772,4.9479,6.1878,4.6179,0.3915,186.9572,0.2504,-0.0227
29.9761,6.0180,4.9756,6.2378,4.6510,0.3920,186.5162,0.2600,0.0526
30.1761,6.0591,5.0039,6.2900,4.7000,0.3817,185.6723,0.2600,-0.0000
30.3761,6.1003,5.0322,6.2900,4.7000,0.3825,184.7717,0.2600,0.0526
30.5761,6.1452,5.0633,6.2900,4.7000,0.3911,182.9709,0.2597,-0.0000
30.7761,6.1852,5.0910,6.4031,4.7507,0.4040,185.4485,0.2463,-0.0526
30.9761,6.2265,5.1193,6.4409,4.7750,0.4056,185.0435,0.2466,-0.0000
31.1761,6.2676,5.1474,6.5300,4.8200,0.4196,183.8060,0.2600,0.0419
31.3760,6.3127,5.1781,6.5300,4.8200,0.4188,182.0478,0.2600,-0.0000
31.5760,6.3541,5.2061,6.5300,4.8200,0.4243,183.4912,0.2600,-0.0526
31.7760,6.3955,5.2340,6.5300,4.8200,0.4353,182.9614,0.2597,-0.0000
31.9760,6.4369,5.2621,6.6807,4.8962,0.4397,183.0295,0.2600,-0.0526
32.1760,6.4782,5.2901,6.7400,4.9700,0.4135,181.1824,0.2600,-0.0000
32.3760,6.5201,5.3187,6.7400,4.9700,0.4122,180.8939,0.2600,-0.0526
32.5760,6.5615,5.3466,6.7400,4.9700,0.4168,180.7208,0.2600,0.0503
32.7760,6.6053,5.3768,6.7400,4.9700,0.4285,183.1721,0.2490,0.1347
32.9760,6.6461,5.4059,6.8741,5.0247,0.4441,183.6239,0.2479,0.0404
33.1760,6.6857,5.4342,6.9252,5.0562,0.4475,184.4629,0.2463,-0.0000
33.3760,6.7299,5.4660,7.0100,5.1200,0.4451,183.3991,0.2600,-0.0000
33.5760,6.7701,5.4948,7.0100,5.1200,0.4450,182.8235,0.2471,-0.0457
33.7760,6.8099,5.5237,7.0100,5.1200,0.4505,184.5729,0.2600,0.0526
33.9760,6.8487,5.5526,7.0100,5.1200,0.4617,185.7085,0.2600,0.1579
34.1760,6.8874,5.5826,7.1307,5.1709,0.4782,184.1992,0.2480,-0.0000
34.3760,6.9265,5.6133,7.2800,5.2400,0.5141,182.2486,0.2600,0.0503
34.5759,6.9693,5.6472,7.2800,5.2400,0.5122,178.9361,0.2600,-0.0526
34.7760,7.0077,5.6769,7.2800,5.2400,0.5148,181.4863,0.2471,-0.0526
34.9759,7.0480,5.7076,7.2800,5.2400,0.5220,181.4696,0.2600,-0.0526
35.1759,7.0871,5.7368,7.2800,5.2400,0.5329,180.6886,0.2463,-0.0526
35.3759,7.1305,5.7686,7.5200,5.3600,0.5646,181.2833,0.2466,-0.0023
35.5759,7.1710,5.7981,7.5200,5.3600,0.5601,180.3041,0.2463,-0.0526
35.7759,7.2110,5.8265,7.5200,5.3600,0.5596,180.5988,0.2600,-0.0526
35.9759,7.2551,5.8576,7.5200,5.3600,0.5637,178.8930,0.2600,-0.0526
36.1759,7.2962,5.8861,7.5200,5.3600,0.5717,179.4866,0.2600,-0.0000
36.3759,7.3366,5.9142,7.5200,5.3600,0.5838,178.3459,0.2600,-0.0526
36.5759,7.3810,5.9448,7.7600,5.5100,0.5768,178.3215,0.2600,-0.0000
36.7759,7.4227,5.9737,7.7600,5.5100,0.5734,176.5093,0.2600,-0.0526
36.9759,7.4634,6.0014,7.7600,5.5100,0.5740,177.8538,0.2600,0.0526
37.1759,7.5043,6.0295,7.7600,5.5100,0.5790,179.7810,0.2600,-0.0526
37.3759,7.5493,6.0605,7.7600,5.5100,0.5894,177.5178,0.2600,0.0299
37.5759,7.5892,6.0882,8.0000,5.6300,0.6154,178.5855,0.2463,-0.0000
37.7759,7.6296,6.1166,8.0000,5.6300,0.6115,181.3212,0.2463,0.1579
37.9758,7.6721,6.1472,8.0000,5.6300,0.6124,179.3587,0.2479,0.0139
38.1759,7.7122,6.1770,8.0000,5.6300,0.6180,179.8067,0.2597,-0.0000
38.3758,7.7513,6.2061,8.0000,5.6300,0.6274,178.2417,0.2463,-0.0526
38.5759,7.7915,6.2359,8.2400,5.7500,0.6613,177.0909,0.2466,0.0526
38.7758,7.8308,6.2652,8.2400,5.7500,0.6579,177.5294,0.2600,-0.1579
38.9758,7.8749,6.2963,8.2400,5.7500,0.6571,175.8760,0.2600,-0.0526
39.1758,7.9156,6.3241,8.2400,5.7500,0.6595,178.7304,0.2600,-0.1347
39.3758,7.9572,6.3516,8.2400,5.7500,0.6648,175.1100,0.2600,-0.0526
39.5758,8.0029,6.3813,8.2400,5.7500,0.6743,173.7401,0.2560,-0.0000
39.7758,8.0451,6.4084,8.4800,5.9000,0.6691,175.1090,0.2600,-0.0526
39.9758,8.0862,6.4344,8.4800,5.9000,0.6638,175.9944,0.2463,-0.0526
40.1758,8.1287,6.4610,8.4800,5.9000,0.6619,176.3585,0.2463,-0.0000
40.3758,8.1750,6.4897,8.4800,5.9000,0.6639,174.3910,0.2600,0.0526
40.5758,8.2167,6.5158,8.4800,5.9000,0.6697,174.2070,0.2600,-0.0000
40.7758,8.2598,6.5426,8.7200,6.0200,0.6964,173.5728,0.2600,-0.0526
40.9758,8.3014,6.5681,8.7200,6.0200,0.6896,174.7907,0.2472,-0.0478
41.1758,8.3479,6.5961,8.7200,6.0200,0.6858,173.8496,0.2600,-0.0526
41.3758,8.3910,6.6216,8.7200,6.0200,0.6857,173.5186,0.2600,-0.0299
41.5757,8.4335,6.6464,8.7200,6.0200,0.6888,174.8974,0.2600,-0.0000
41.7757,8.4762,6.6713,8.9600,6.1400,0.7186,175.9279,0.2466,-0.0023
41.9757,8.5188,6.6958,8.9600,6.1400,0.7096,175.3924,0.2600,-0.0000
42.1759,8.5657,6.7224,8.9600,6.1400,0.7033,173.2398,0.2600,-0.0503
42.3757,8.6101,6.7469,8.9600,6.1400,0.7006,172.2344,0.2600,-0.0526
42.5757,8.6529,6.7702,8.9600,6.1400,0.7011,173.2706,0.2463,-0.0000
42.7757,8.6969,6.7942,8.9600,6.1400,0.7051,173.0224,0.2600,-0.0000
42.9757,8.7403,6.8175,9.1700,6.2600,0.7039,172.7859,0.2466,-0.0503
43.1757,8.7844,6.8410,9.1700,6.2600,0.6973,173.6359,0.2600,-0.0000
43.3757,8.8327,6.8665,9.1700,6.2600,0.6940,171.9084,0.2600,-0.0526
43.5757,8.8764,6.8892,9.1700,6.2600,0.6943,171.7338,0.2600,-0.0000
43.7757,8.9215,6.9123,9.1700,6.2600,0.6980,170.7695,0.2600,-0.0526
43.9757,8.9660,6.9349,9.3800,6.3800,0.6923,169.8170,0.2600,-0.0526
44.1757,9.0143,6.9591,9.3800,6.3800,0.6849,170.1387,0.2463,0.0526
44.3757,9.0589,6.9815,9.3800,6.3800,0.6819,172.4713,0.2600,-0.0000
44.5757,9.1032,7.0037,9.3800,6.3800,0.6824,169.9768,0.2600,-0.0387
44.7757,9.1486,7.0263,9.3800,6.3800,0.6864,169.1247,0.2600,0.0503
44.9757,9.1969,7.0503,9.3800,6.3800,0.6949,170.3944,0.2600,-0.0227
45.1756,9.2415,7.0726,9.5900,6.5000,0.6703,170.1315,0.2592,0.0526
45.3756,9.2855,7.0950,9.5900,6.5000,0.6684,171.3766,0.2600,-0.0000
45.5756,9.3289,7.1171,9.5900,6.5000,0.6701,171.3835,0.2463,-0.0526
45.7756,9.3768,7.1416,9.5900,6.5000,0.6761,171.2460,0.2466,0.0503
45.9756,9.4205,7.1642,9.5900,6.5000,0.6855,170.7898,0.2600,-0.0000
46.1757,9.4656,7.1873,9.8300,6.6200,0.6743,168.9526,0.2600,0.0526
46.3756,9.5099,7.2104,9.8300,6.6200,0.6716,167.9407,0.2592,-0.0000
46.5756,9.5543,7.2335,9.8300,6.6200,0.6726,169.1759,0.2600,0.0503
46.7756,9.6027,7.2587,9.8300,6.6200,0.6779,167.5670,0.2600,0.0352
46.9756,9.6470,7.2818,9.8300,6.6200,0.6867,167.3939,0.2600,-0.0000
47.1756,9.6920,7.3051,10.0400,6.7400,0.6637,166.8170,0.2600,0.0526
47.3756,9.7364,7.3279,10.0400,6.7400,0.6616,166.5862,0.2600,-0.0000
47.5756,9.7810,7.3506,10.0400,6.7400,0.6633,167.8659,0.2600,-0.0526
47.7756,9.8251,7.3726,10.0400,6.7400,0.6681,168.8538,0.2597,-0.0526
47.9755,9.8695,7.3943,10.0400,6.7400,0.6761,170.0499,0.2463,-0.0526
48.1756,9.9152,7.4160,10.2364,6.8084,0.6873,167.3678,0.2600,-0.0000
48.3755,9.9635,7.4384,10.2800,6.8300,0.6858,166.7379,0.2463,-0.1579
48.5756,10.0093,7.4581,10.2800,6.8300,0.6840,168.7519,0.2600,-0.1579
48.7755,10.0545,7.4760,10.2800,6.8300,0.6842,168.6380,0.2600,-0.1579
48.9755,10.1014,7.4933,10.2800,6.8300,0.6869,168.1029,0.2600,-0.0526
49.1755,10.1478,7.5099,10.2800,6.8300,0.6927,167.9102,0.2463,-0.0526
49.3755,10.1987,7.5275,10.4900,6.9200,0.6737,168.4038,0.2479,-0.1718
49.5756,10.2471,7.5425,10.4900,6.9200,0.6682,166.9702,0.2597,-0.0526
49.7755,10.2945,7.5560,10.4900,6.9200,0.6653,166.6442,0.2600,-0.0526
49.9755,10.3468,7.5693,10.4900,6.9200,0.6649,166.3553,0.2471,-0.1509
50.1755,10.3949,7.5802,10.4900,6.9200,0.6670,169.2344,0.2600,-0.0526
50.3755,10.4430,7.5906,10.7600,7.0100,0.6615,167.9109,0.2600,-0.1579
50.5756,10.4923,7.6003,10.7600,7.0100,0.6482,166.2395,0.2466,-0.0000
50.7755,10.5411,7.6097,10.7600,7.0100,0.6384,165.3432,0.2600,-0.0526
50.9755,10.5943,7.6196,10.7600,7.0100,0.6317,164.3576,0.2560,-0.0526
51.1755,10.6430,7.6281,10.7600,7.0100,0.6291,166.2714,0.2600,-0.0526
51.3755,10.6909,7.6360,10.7600,7.0100,0.6298,166.6062,0.2600,-0.0526
51.5755,10.7442,7.6442,11.0300,7.0700,0.6414,166.6080,0.2600,-0.0526
51.7755,10.7937,7.6516,11.0300,7.0700,0.6278,165.5035,0.2463,0.0526
51.9755,10.8423,7.6593,11.0300,7.0700,0.6184,165.5453,0.2600,-0.0526
52.1756,10.8918,7.6667,11.0300,7.0700,0.6125,163.9925,0.2600,-0.0000
52.3755,10.9445,7.6744,11.0300,7.0700,0.6104,165.0977,0.2600,-0.0000
52.5755,10.9925,7.6814,11.3000,7.1300,0.6313,165.4850,0.2600,-0.0526
52.7754,11.0421,7.6883,11.3000,7.1300,0.6150,165.4678,0.2600,-0.0526
52.9755,11.0912,7.6947,11.3000,7.1300,0.6021,163.6187,0.2480,-0.0000
53.1755,11.1445,7.7016,11.3000,7.1300,0.5923,163.7746,0.2463,-0.0526
53.3755,11.1942,7.7077,11.3000,7.1300,0.5873,163.4694,0.2573,-0.0526
53.5754,11.2426,7.7132,11.5400,7.1600,0.6281,163.9697,0.2600,-0.0526
53.7754,11.2968,7.7192,11.5400,7.1600,0.6098,161.5082,0.2600,0.0526
53.9755,11.3457,7.7251,11.5400,7.1600,0.5976,162.2463,0.2600,0.0596
54.1754,11.3953,7.7319,11.5400,7.1600,0.5899,163.1353,0.2466,0.0526
54.3754,11.4492,7.7399,11.5400,7.1600,0.5869,161.7574,0.2573,-0.0000
54.5754,11.4980,7.7472,11.5400,7.1600,0.5887,161.6150,0.2597,-0.0000
54.7754,11.5467,7.7549,11.7800,7.1900,0.6112,162.3984,0.2600,0.1579
54.9754,11.6004,7.7651,11.7800,7.1900,0.6025,160.9386,0.2600,0.0526
55.1754,11.6492,7.7752,11.7800,7.1900,0.5996,159.3170,0.2600,-0.0000
55.3754,11.6984,7.7855,11.7800,7.1900,0.6011,159.9027,0.2463,-0.0000
55.5754,11.7471,7.7957,11.7800,7.1900,0.6066,160.1776,0.2600,0.0514
55.7754,11.7998,7.8070,12.0500,7.2500,0.6106,160.0928,0.2600,0.0526
55.9754,11.8493,7.8182,12.0500,7.2500,0.6026,158.4516,0.2600,0.0526
56.1754,11.8978,7.8298,12.0500,7.2500,0.5995,158.2786,0.2600,0.0122
56.3754,11.9470,7.8423,12.0500,7.2500,0.6012,158.0478,0.2600,0.1509
56.5754,11.9946,7.8551,12.2512,7.3100,0.6025,158.8747,0.2463,0.1579
56.7754,12.0461,7.8706,12.3200,7.3100,0.6239,160.5300,0.2600,0.1579
56.9754,12.0935,7.8864,12.3200,7.3100,0.6193,160.4126,0.2600,0.1579
57.1754,12.1403,7.9038,12.3200,7.3100,0.6204,158.0329,0.2600,0.2632
57.3753,12.1870,7.9232,12.3200,7.3100,0.6275,157.1824,0.2560,0.1579
57.5754,12.2313,7.9435,12.3200,7.3100,0.6397,159.6416,0.2471,0.2632
57.7753,12.2739,7.9658,12.5836,7.4284,0.6203,163.0685,0.2326,0.2632
57.9753,12.3202,7.9927,12.6359,7.4572,0.6216,162.9872,0.2490,0.2632
58.1753,12.3609,8.0192,12.6359,7.4572,0.6257,160.7009,0.2597,0.2632
58.3754,12.4009,8.0483,12.8492,7.6081,0.6283,160.7105,0.2463,0.2632
58.5753,12.4373,8.0777,13.0148,7.8637,0.6159,163.7156,0.2541,0.3672
58.7753,12.4775,8.1146,13.0592,8.1698,0.5843,160.1769,0.2600,0.3684
58.9753,12.5115,8.1505,13.0574,8.1933,0.5476,157.9682,0.2463,0.2632
59.1753,12.5431,8.1881,13.0551,8.2232,0.5132,159.6711,0.2600,0.2632
59.3753,12.5755,8.2312,13.0534,8.2532,0.4783,156.7261,0.2600,0.2632
59.5753,12.6030,8.2721,13.0513,8.2981,0.4490,157.8307,0.2600,0.2632
59.7753,12.6282,8.3141,13.0501,8.3281,0.4222,157.8246,0.2600,0.2771
59.9753,12.6510,8.3577,13.0485,8.3676,0.3976,159.2414,0.2597,0.3684
60.1753,12.6725,8.4072,13.0473,8.4126,0.3748,158.6535,0.2600,0.3684
60.3753,12.6887,8.4537,13.0463,8.4576,0.3576,156.7731,0.2471,0.3684
60.5753,12.7018,8.5019,13.0454,8.5026,0.3436,156.8302,0.2600,0.2632
60.7753,12.7120,8.5501,13.0447,8.5476,0.3328,156.5745,0.2600,0.2632
60.9752,12.7200,8.6034,13.0439,8.6076,0.3240,155.0375,0.2600,0.2632
61.1753,12.7245,8.6524,13.0424,8.6573,0.3180,155.9376,0.2600,0.2632
61.3753,12.7263,8.7027,13.0421,8.7023,0.3158,155.2597,0.2507,0.2632
61.5753,12.7256,8.7523,13.0418,8.7473,0.3163,154.3776,0.2600,0.2562
61.7752,12.7228,8.8022,13.0415,8.8073,0.3187,154.9126,0.2600,0.1579
61.9752,12.7181,8.8559,13.0413,8.8523,0.3232,154.9453,0.2490,0.1347
62.1752,12.7128,8.9049,13.0956,8.9147,0.3829,155.0127,0.2600,-0.0526
62.3752,12.7076,8.9539,13.0949,8.9597,0.3873,155.4534,0.2600,0.0526
62.5752,12.7022,9.0029,13.0940,9.0047,0.3919,155.4178,0.2600,-0.0000
62.7752,12.6962,9.0565,13.0928,9.0646,0.3967,153.7129,0.2463,-0.0000
62.9752,12.6906,9.1063,13.0918,9.1096,0.4012,153.8055,0.2463,-0.0000
63.1752,12.6853,9.1551,13.0935,9.1581,0.4082,154.1245,0.2600,-0.0526
63.3752,12.6801,9.2082,13.0919,9.2181,0.4119,153.1877,0.2463,-0.0526
63.5752,12.6750,9.2585,13.0902,9.2781,0.4156,152.4097,0.2600,0.0526
63.7752,12.6694,9.3071,13.0887,9.3231,0.4196,152.7276,0.2479,0.0665
63.9752,12.6628,9.3567,13.0871,9.3680,0.4244,153.6737,0.2471,0.0526
64.1752,12.6552,9.4099,13.0900,9.4255,0.4351,152.7030,0.2463,-0.0000
64.3752,12.6482,9.4587,13.0875,9.4855,0.4402,152.8703,0.2592,-0.0000
64.5752,12.6411,9.5083,13.0854,9.5304,0.4449,151.2276,0.2600,-0.0526
64.7752,12.6344,9.5571,13.0831,9.5754,0.4490,151.0531,0.2600,-0.0526
64.9752,12.6277,9.6106,13.0797,9.6353,0.4526,151.7474,0.2600,-0.0526
65.1752,12.6220,9.6603,13.0758,9.6951,0.4552,152.0734,0.2600,-0.0526
65.3752,12.6167,9.7092,13.0791,9.7504,0.4642,151.9961,0.2600,0.1579
65.5751,12.6097,9.7627,13.0755,9.7952,0.4669,151.7698,0.2600,0.0526
65.7752,12.6024,9.8122,13.0702,9.8550,0.4698,150.1967,0.2600,0.0526
65.9751,12.5949,9.8608,13.0660,9.8998,0.4727,150.0978,0.2600,-0.0000
66.1751,12.5869,9.9109,13.0604,9.9595,0.4760,149.5665,0.2600,0.0634
66.3751,12.5774,9.9643,13.0697,10.0372,0.4977,148.5918,0.2518,0.0084
66.5751,12.5687,10.0135,13.0605,10.0965,0.4988,148.6603,0.2600,-0.0000
66.7751,12.5599,10.0634,13.0536,10.1409,0.4998,147.9182,0.2592,-0.0000
66.9752,12.5505,10.1157,13.0444,10.2002,0.5010,149.0420,0.2600,-0.0000
67.1751,12.5417,10.1650,13.0344,10.2594,0.5017,148.7261,0.2600,-0.0000
67.3751,12.5328,10.2141,13.0220,10.3226,0.5011,147.7127,0.2600,0.0526
67.5751,12.5228,10.2671,13.0047,10.3956,0.4988,147.9029,0.2479,0.0526
67.7751,12.5128,10.3168,12.9834,10.4675,0.4941,148.1689,0.2597,0.0526
67.9751,12.5028,10.3650,12.9590,10.5384,0.4880,147.9116,0.2600,-0.0000
68.1751,12.4926,10.4139,12.9376,10.5945,0.4803,147.7609,0.2600,-0.0000
68.3751,12.4823,10.4621,12.9207,10.6362,0.4718,147.7614,0.2583,0.0526
68.5751,12.4704,10.5147,12.8984,10.6975,0.4654,148.8772,0.2600,-0.0000
68.7751,12.4589,10.5640,12.8742,10.7524,0.4561,147.3133,0.2600,0.1335
68.9751,12.4469,10.6125,12.8557,10.7934,0.4471,145.8986,0.2592,0.0526
69.1751,12.4341,10.6608,12.8307,10.8479,0.4385,146.9966,0.2600,-0.0000
69.3751,12.4198,10.7128,12.8052,10.9023,0.4294,146.7076,0.2600,0.1579
69.5750,12.4060,10.7594,12.7893,10.9419,0.4245,148.0882,0.2466,0.0526
69.7751,12.3910,10.8072,12.7699,10.9825,0.4175,147.9279,0.2463,-0.0000
69.9750,12.3753,10.8545,12.7438,11.0366,0.4111,146.3230,0.2600,0.1579
70.1751,12.3584,10.9023,12.7242,11.0770,0.4054,144.8363,0.2600,0.1472
70.3750,12.3414,10.9485,12.6979,11.1310,0.4005,145.9663,0.2600,0.0526
70.5750,12.3220,10.9995,12.6708,11.1770,0.3914,145.8258,0.2600,0.0758
70.7750,12.3028,11.0464,12.6509,11.2174,0.3878,144.4561,0.2592,0.1579
70.9750,12.2832,11.0909,12.6310,11.2577,0.3857,146.7720,0.2600,0.0526
71.1751,12.2606,11.1391,12.6043,11.3114,0.3845,146.6455,0.2479,0.1440
71.3750,12.2384,11.1839,12.5842,11.3517,0.3844,147.4054,0.2466,0.0503
71.5750,12.2163,11.2280,12.5574,11.4054,0.3845,145.8381,0.2463,-0.0000
71.7750,12.1931,11.2729,12.5510,11.4604,0.4041,144.7529,0.2600,0.0526
71.9750,12.1678,11.3205,12.5307,11.5006,0.4052,144.6102,0.2600,-0.0000
72.1750,12.1453,11.3626,12.5104,11.5407,0.4063,148.3314,0.2600,0.0526
72.3750,12.1210,11.4070,12.4832,11.5942,0.4077,144.9910,0.2573,-0.0000
72.5750,12.0974,11.4495,12.4628,11.6343,0.4095,145.0463,0.2466,0.1556
72.7750,12.0699,11.4967,12.4607,11.6898,0.4358,143.8716,0.2600,-0.0000
72.9750,12.0445,11.5405,12.4333,11.7432,0.4385,142.4132,0.2600,0.0526
73.1751,12.0192,11.5836,12.4128,11.7832,0.4413,142.2401,0.2600,-0.0000
73.3750,11.9939,11.6267,12.3923,11.8233,0.4442,143.2715,0.2600,-0.0526
73.5750,11.9688,11.6693,12.3648,11.8766,0.4470,143.2995,0.2466,0.0526
73.7750,11.9429,11.7126,12.3669,11.9264,0.4748,142.9805,0.2600,-0.0520
73.9750,11.9151,11.7596,12.3394,11.9797,0.4780,141.4901,0.2600,0.0526
74.1749,11.8895,11.8021,12.3187,12.0197,0.4812,141.9300,0.2600,-0.0122
74.3749,11.8635,11.8456,12.2911,12.0729,0.4843,141.7216,0.2592,0.0526
74.5750,11.8360,11.8910,12.2703,12.1129,0.4877,142.1734,0.2573,-0.0000
74.7749,11.8097,11.9336,12.2800,12.1737,0.5280,141.9015,0.2600,0.0526
74.9749,11.7835,11.9753,12.2521,12.2268,0.5319,141.8746,0.2600,-0.1579
75.1749,11.7572,12.0180,12.2312,12.2667,0.5352,142.4352,0.2463,-0.0526
75.3749,11.7292,12.0647,12.2032,12.3197,0.5383,141.4671,0.2600,-0.0000
75.5749,11.7037,12.1076,12.1822,12.3595,0.5408,139.9901,0.2600,-0.0526
75.7749,11.6784,12.1507,12.1612,12.3993,0.5430,141.0597,0.2600,-0.0526
75.9749,11.6536,12.1932,12.1393,12.4487,0.5488,141.5570,0.2600,-0.0000
76.1749,11.6266,12.2395,12.1113,12.5018,0.5511,140.8225,0.2517,-0.0084
76.3749,11.6014,12.2827,12.0903,12.5416,0.5532,141.5025,0.2600,-0.0000
76.5749,11.5764,12.3252,12.0692,12.5813,0.5554,141.0849,0.2471,0.0070
76.7749,11.5503,12.3686,12.0411,12.6343,0.5581,139.7670,0.2600,-0.0000
76.9749,11.5224,12.4148,12.0425,12.6887,0.5878,139.9029,0.2600,-0.0526
77.1749,11.4970,12.4570,12.0143,12.7416,0.5904,139.7914,0.2463,0.0526
77.3749,11.4709,12.4996,11.9930,12.7813,0.5932,140.6675,0.2600,-0.0000
77.5749,11.4450,12.5423,11.9717,12.8209,0.5959,138.0863,0.2600,0.0526
77.7749,11.4187,12.5849,11.9433,12.8738,0.5989,139.0807,0.2583,0.0006
77.9748,11.3905,12.6308,11.9333,12.9284,0.6191,140.0536,0.2600,0.0526
78.1749,11.3642,12.6731,11.9120,12.9681,0.6221,138.6299,0.2573,-0.0000
78.3748,11.3382,12.7151,11.8906,13.0077,0.6250,139.4666,0.2471,-0.0457
78.5749,11.3120,12.7576,11.8621,13.0604,0.6279,138.2577,0.2600,-0.0000
78.7749,11.2836,12.8034,11.8406,13.1000,0.6311,137.8075,0.2479,0.0139
78.9748,11.2565,12.8463,11.8120,13.1528,0.6344,137.7505,0.2600,-0.0000
79.1749,11.2302,12.8879,11.8137,13.2090,0.6660,137.4981,0.2600,-0.0526
79.3748,11.2033,12.9309,11.7921,13.2485,0.6690,136.7595,0.2600,0.0526
79.5748,11.1743,12.9772,11.7633,13.3011,0.6722,135.8939,0.2600,-0.0000
79.7749,11.1479,13.0187,11.7416,13.3406,0.6753,136.8760,0.2600,0.0526
79.9748,11.1210,13.0604,11.7127,13.3932,0.6788,137.2130,0.2463,-0.0000
80.1748,11.0946,13.1017,11.7117,13.4359,0.7018,138.9783,0.2600,0.0503
80.3748,11.0672,13.1443,11.6827,13.4884,0.7051,136.2525,0.2600,-0.0000
80.5748,11.0384,13.1898,11.6610,13.5278,0.7084,135.6521,0.2479,-0.0387
80.7748,11.0116,13.2320,11.6319,13.5803,0.7114,135.9152,0.2600,-0.0000
80.9748,10.9850,13.2737,11.6101,13.6196,0.7144,136.4923,0.2463,-0.0526
81.1748,10.9585,13.3151,11.5930,13.6671,0.7256,137.7896,0.2597,-0.0000
81.3748,10.9316,13.3568,11.5712,13.7065,0.7289,136.8702,0.2463,-0.0000
81.5749,10.9020,13.4023,11.5421,13.7589,0.7327,136.2520,0.2600,-0.0000
81.7748,10.8751,13.4435,11.5202,13.7982,0.7362,134.8666,0.2584,-0.0122
81.9748,10.8480,13.4849,11.4910,13.8506,0.7397,135.8037,0.2471,0.0457
82.1748,10.8188,13.5291,11.5025,13.9169,0.7859,135.7489,0.2463,-0.0175
82.3748,10.7915,13.5711,11.4803,13.9560,0.7891,135.5991,0.2600,-0.0457
82.5747,10.7647,13.6124,11.4507,14.0082,0.7920,134.1915,0.2600,-0.0000
82.7748,10.7372,13.6550,11.4285,14.0473,0.7949,133.9587,0.2600,0.0526
82.9747,10.7077,13.7001,11.3989,14.0995,0.7983,133.7841,0.2600,-0.0023
83.1747,10.6809,13.7414,11.3766,14.1386,0.8011,133.5513,0.2600,0.0526
83.3748,10.6535,13.7834,11.3606,14.1883,0.8148,133.9974,0.2463,0.0526
83.5747,10.6265,13.8247,11.3383,14.2274,0.8179,133.6263,0.2480,-0.0526
83.7747,10.5969,13.8702,11.3085,14.2795,0.8210,132.8885,0.2600,-0.0000
83.9747,10.5699,13.9115,11.2862,14.3186,0.8239,133.7812,0.2493,-0.0295
84.1747,10.5426,13.9533,11.2564,14.3706,0.8268,132.7528,0.2592,0.0070
84.3747,10.5129,13.9982,11.2564,14.4185,0.8541,132.5036,0.2600,-0.0189
84.5748,10.4851,14.0399,11.2264,14.4705,0.8573,132.2780,0.2600,-0.0000
84.7747,10.4578,14.0808,11.2039,14.5094,0.8605,133.2505,0.2600,-0.0526
84.9747,10.4297,14.1230,11.1739,14.5614,0.8638,131.8265,0.2600,0.0526
85.1747,10.4022,14.1639,11.1513,14.6003,0.8670,131.6224,0.2600,-0.0526
85.3747,10.3744,14.2054,11.1450,14.6586,0.8940,132.0542,0.2479,0.0404
85.5747,10.3467,14.2462,11.1223,14.6974,0.8973,132.1282,0.2463,-0.0000
85.7747,10.3164,14.2916,11.0920,14.7492,0.9005,130.9902,0.2600,-0.0295
85.9747,10.2888,14.3333,11.0692,14.7880,0.9033,130.7281,0.2600,-0.0070
86.1747,10.2613,14.3749,11.0388,14.8398,0.9059,130.4955,0.2600,0.0526
86.3747,10.2310,14.4203,11.0279,14.8842,0.9221,128.8555,0.2584,-0.0000
86.5746,10.2033,14.4620,10.9974,14.9358,0.9247,129.7679,0.2600,-0.0526
86.7747,10.1759,14.5037,10.9745,14.9746,0.9270,128.3939,0.2600,0.1560
86.9747,10.1477,14.5450,10.9516,15.0133,0.9304,129.3605,0.2597,0.0539
87.1747,10.1192,14.5851,10.9210,15.0649,0.9344,130.3661,0.2592,-0.0451
87.3746,10.0880,14.6287,10.8980,15.1036,0.9390,130.1486,0.2600,0.0526
87.5746,10.0584,14.6697,10.8839,15.1572,0.9587,128.1557,0.2573,-0.0352
87.7746,10.0295,14.7097,10.8532,15.2087,0.9631,128.8943,0.2600,0.0503
87.9746,10.0000,14.7501,10.8302,15.2474,0.9677,128.7202,0.2600,-0.0526
88.1746,9.9681,14.7944,10.7994,15.2989,0.9724,128.5456,0.2600,0.0404
88.3747,9.9393,14.8344,10.7763,15.3375,0.9766,128.2336,0.2600,-0.0526
88.5746,9.9103,14.8751,10.7737,15.3932,1.0069,128.3151,0.2600,-0.0526
88.7746,9.8800,14.9179,10.7426,15.4445,1.0106,128.8898,0.2466,-0.0023
88.9746,9.8510,14.9594,10.7192,15.4830,1.0139,127.3233,0.2600,-0.0526
89.1746,9.8224,15.0004,10.6881,15.5343,1.0171,127.0900,0.2600,-0.0000
89.3746,9.7945,15.0405,10.6647,15.5727,1.0200,128.5576,0.2447,-0.0526
89.5746,9.7675,15.0800,10.6395,15.6083,1.0195,132.4874,0.2592,-0.0000
89.7746,9.7381,15.1234,10.6162,15.6468,1.0223,128.5617,0.2490,-0.0295
89.9746,9.7099,15.1648,10.5851,15.6981,1.0249,127.5705,0.2471,0.0457
90.1746,9.6817,15.2059,10.5618,15.7366,1.0277,126.3920,0.2600,-0.0526
90.3746,9.6512,15.2504,10.5307,15.7879,1.0307,126.1186,0.2600,-0.0000
90.5745,9.6232,15.2910,10.5189,15.8376,1.0493,127.6162,0.2460,-0.0000
90.7745,9.5958,15.3309,10.4954,15.8760,1.0519,129.3338,0.2600,0.0526
90.9746,9.5674,15.3720,10.4640,15.9272,1.0546,125.4908,0.2600,-0.0526
91.1745,9.5392,15.4132,10.4405,15.9655,1.0571,124.1824,0.2600,0.0526
91.3745,9.5083,15.4577,10.4091,16.0167,1.0601,124.6047,0.2463,-0.0000
91.5745,9.4795,15.4984,10.3856,16.0550,1.0634,125.8706,0.2597,0.0126
91.7745,9.4506,15.5387,10.3689,16.1140,1.0836,125.0696,0.2600,-0.0526
91.9745,9.4191,15.5831,10.3452,16.1522,1.0869,123.4993,0.2560,0.0227
92.1745,9.3901,15.6240,10.3135,16.2032,1.0900,124.1798,0.2584,-0.0526
92.3746,9.3621,15.6638,10.2897,16.2414,1.0928,124.7326,0.2466,0.0503
92.5745,9.3331,15.7046,10.2660,16.2796,1.0959,124.4376,0.2463,-0.0000
92.7745,9.3010,15.7486,10.2489,16.3413,1.1180,123.9191,0.2600,-0.0000
92.9746,9.2718,15.7884,10.2250,16.3794,1.1216,123.3670,0.2463,-0.0526
93.1745,9.2429,15.8284,10.1931,16.4302,1.1247,125.1649,0.2463,0.0526
93.3745,9.2137,15.8687,10.1691,16.4683,1.1279,124.0374,0.2600,-0.0526
93.5746,9.1817,15.9130,10.1371,16.5191,1.1314,121.9901,0.2600,-0.0000
93.7745,9.1524,15.9531,10.1220,16.5572,1.1423,123.4428,0.2504,-0.0179
93.9746,9.1229,15.9930,10.0899,16.6079,1.1460,123.8215,0.2600,-0.0000
94.1746,9.0910,16.0360,10.0659,16.6460,1.1500,123.2267,0.2517,-0.0084
94.3745,9.0638,16.0725,10.0418,16.6840,1.1534,123.1268,0.2463,0.0526
94.5745,9.0312,16.1161,10.0097,16.7347,1.1576,122.1743,0.2600,0.0526
94.7745,9.0007,16.1566,9.9856,16.7727,1.1617,120.9516,0.2600,-0.0000
94.9745,8.9688,16.1991,9.9650,16.8384,1.1836,121.6192,0.2600,0.0526
95.1745,8.9385,16.2388,9.9406,16.8762,1.1876,122.5264,0.2597,-0.0000
95.3745,8.9082,16.2786,9.9081,16.9267,1.1916,121.6767,0.2600,-0.0526
95.5745,8.8784,16.3181,9.8838,16.9645,1.1952,120.5159,0.2466,-0.0000
95.7745,8.8483,16.3586,9.8594,17.0023,1.1986,120.8043,0.2600,0.0419
95.9745,8.8165,16.4011,9.8288,17.0530,1.2041,120.7044,0.2504,-0.0227
96.1745,8.7870,16.4406,9.8044,17.0908,1.2075,122.7007,0.2600,0.0895
96.3744,8.7569,16.4804,9.7719,17.1412,1.2111,120.5994,0.2597,-0.0000
96.5745,8.7272,16.5198,9.7475,17.1790,1.2147,121.1555,0.2600,-0.0526
96.7745,8.6976,16.5595,9.7230,17.2168,1.2179,121.5728,0.2463,-0.0000
96.9744,8.6661,16.6021,9.7050,17.2809,1.2410,121.5618,0.2600,0.0526
97.1744,8.6360,16.6423,9.6720,17.3310,1.2440,119.8985,0.2463,-0.0000
97.3744,8.6072,16.6811,9.6473,17.3686,1.2468,121.2585,0.2591,0.0672
97.5744,8.5768,16.7216,9.6225,17.4062,1.2499,119.6616,0.2600,-0.0070
97.7745,8.5469,16.7616,9.5896,17.4563,1.2529,117.6632,0.2600,0.0526
97.9744,8.5147,16.8041,9.5684,17.4959,1.2605,119.3497,0.2479,-0.0000
98.1744,8.4845,16.8439,9.5353,17.5459,1.2637,120.2801,0.2600,0.0526
98.3744,8.4546,16.8830,9.5105,17.5835,1.2671,119.0868,0.2600,-0.0526
98.5744,8.4245,16.9229,9.4857,17.6210,1.2703,118.4661,0.2600,0.0526
98.7744,8.3917,16.9658,9.4526,17.6711,1.2739,117.8507,0.2463,-0.0000
98.9744,8.3619,17.0043,9.4278,17.7086,1.2776,119.0947,0.2463,0.1579
99.1744,8.3312,17.0430,9.4023,17.7632,1.2908,118.6387,0.2463,-0.0000
99.3744,8.2999,17.0816,9.3773,17.8006,1.2953,117.9772,0.2600,0.0036
99.5744,8.2672,17.1212,9.3439,17.8505,1.3004,120.7251,0.2541,0.1116
99.7744,8.2352,17.1595,9.3189,17.8879,1.3058,120.1910,0.2463,-0.0000
99.9744,8.2044,17.1960,9.2939,17.9253,1.3110,119.8202,0.2600,0.0503
100.1744,8.1695,17.2371,9.2759,17.9894,1.3379,117.5856,0.2600,-0.0526
100.3744,8.1379,17.2750,9.2420,18.0390,1.3426,117.9857,0.2471,-0.0526
100.5744,8.1066,17.3138,9.2166,18.0761,1.3466,116.9416,0.2600,-0.0000
100.7744,8.0759,17.3526,9.1912,18.1132,1.3499,116.3622,0.2463,-0.0526
100.9744,8.0429,17.3951,9.1573,18.1627,1.3532,116.7270,0.2466,-0.0023
101.1744,8.0125,17.4346,9.1357,18.2055,1.3623,115.3849,0.2600,-0.0526
101.3743,7.9820,17.4743,9.1016,18.2549,1.3648,115.1586,0.2600,-0.0000
101.5744,7.9497,17.5166,9.0760,18.2919,1.3674,116.4322,0.2463,-0.0526
101.7743,7.9219,17.5532,9.0505,18.3289,1.3695,115.8452,0.2597,-0.0000
101.9743,7.8913,17.5932,9.0164,18.3783,1.3719,119.0544,0.2353,0.0175
102.1743,7.8614,17.6322,8.9943,18.4083,1.3732,119.1968,0.2471,-0.0070
102.3743,7.8322,17.6704,8.9688,18.4453,1.3756,118.4188,0.2591,0.0526
102.5743,7.7998,17.7124,8.9348,18.4948,1.3786,116.9094,0.2600,-0.0000
102.7743,7.7691,17.7519,8.9093,18.5319,1.3814,115.0098,0.2600,0.0526
102.9743,7.7379,17.7918,8.8753,18.5813,1.3846,113.2195,0.2600,-0.0526
103.1743,7.7058,17.8334,8.8498,18.6184,1.3875,114.5150,0.2600,0.0526
103.3743,7.6751,17.8730,8.8227,18.6688,1.3965,114.4871,0.2463,-0.0000
103.5743,7.6452,17.9111,8.7970,18.7057,1.3993,115.1684,0.2600,0.0526
103.7743,7.6139,17.9501,8.7628,18.7550,1.4028,113.9869,0.2591,0.1365
103.9743,7.5793,17.9915,8.7371,18.7920,1.4075,113.8100,0.2600,-0.0000
104.1743,7.5491,18.0274,8.7114,18.8289,1.4119,116.6462,0.2502,0.1453
104.3743,7.5170,18.0644,8.6819,18.8849,1.4248,116.8599,0.2463,-0.0000
104.5743,7.4818,18.1043,8.6471,18.9338,1.4304,114.0056,0.2517,0.1092
104.7743,7.4493,18.1403,8.6210,18.9705,1.4359,113.9938,0.2447,-0.0404
104.9743,7.4164,18.1770,8.5949,19.0071,1.4416,115.0663,0.2600,-0.0070
105.1743,7.3848,18.2123,8.5602,19.0560,1.4468,114.0387,0.2326,-0.0000
105.3743,7.3523,18.2488,8.5263,19.1264,1.4657,116.2613,0.2600,0.0526
105.5743,7.3160,18.2895,8.4904,19.1745,1.4705,110.2275,0.2600,-0.0503
105.7743,7.2832,18.3264,8.4635,19.2105,1.4747,110.8231,0.2600,-0.0526
105.9743,7.2501,18.3638,8.4366,19.2466,1.4788,111.6401,0.2597,0.0514
106.1743,7.2175,18.4007,8.4097,19.2827,1.4830,111.5517,0.2600,-0.0491
106.3742,7.1818,18.4409,8.3694,19.3305,1.4838,110.9295,0.2560,0.0526
106.5743,7.1491,18.4775,7.8092,19.7884,1.4677,111.3416,0.2490,-0.0295
106.7743,7.1157,18.5147,7.7691,19.8090,1.4499,109.7677,0.2600,-0.0000
106.9743,7.0822,18.5518,7.7424,19.8226,1.4321,109.6290,0.2600,0.0526
107.1742,7.0486,18.5887,7.7024,19.8432,1.4145,109.3962,0.2600,-0.0526
107.3743,7.0125,18.6288,7.6490,19.8706,1.3955,109.2215,0.2600,0.0526
107.5742,6.9788,18.6658,7.6915,19.8795,1.4075,109.7297,0.2600,-0.0526
107.7743,6.9457,18.7023,7.6527,19.9023,1.3928,109.6037,0.2600,0.0000
107.9742,6.9126,18.7388,7.6139,19.9252,1.3782,109.5170,0.2351,0.0070
108.1742,6.8759,18.7789,7.5622,19.9557,1.3623,109.9736,0.2600,-0.0000
108.3742,6.8427,18.8148,7.5235,19.9785,1.3482,108.9674,0.2600,0.0526
108.5742,6.8089,18.8508,7.5549,20.0085,1.3772,109.4958,0.2463,-0.0023
108.7742,6.7751,18.8866,7.5171,20.0330,1.3657,110.1281,0.2600,0.0526
108.9742,6.7410,18.9225,7.4794,20.0575,1.3541,108.4638,0.2463,-0.0000
109.1742,6.7065,18.9583,7.4417,20.0820,1.3429,108.6776,0.2600,0.1579
109.3742,6.6710,18.9935,7.3913,20.1147,1.3327,107.5918,0.2600,0.0526
109.5742,6.6361,19.0273,7.2119,20.1284,1.2426,108.4458,0.2600,0.1560
109.7742,6.5990,19.0618,7.1586,20.1559,1.2288,107.4417,0.2600,0.1579
109.9742,6.5622,19.0945,7.1185,20.1763,1.2165,106.6889,0.2600,0.0596
110.1742,6.5235,19.1273,7.0649,20.2034,1.2046,105.5663,0.2600,0.1556
110.3742,6.4810,19.1616,7.0113,20.2304,1.1932,105.3747,0.2600,0.0526
110.5742,6.4421,19.1918,7.0874,20.2784,1.2637,106.0250,0.2600,0.1579
110.7742,6.4016,19.2222,7.0487,20.3014,1.2584,105.5780,0.2600,0.0526
110.9742,6.3620,19.2515,6.9972,20.3321,1.2535,105.9620,0.2600,0.0526
111.1742,6.3218,19.2806,6.9585,20.3551,1.2490,106.8503,0.2472,0.0526
111.3742,6.2780,19.3115,6.9069,20.3857,1.2447,106.5202,0.2600,0.0000
111.5741,6.2373,19.3398,6.8681,20.4086,1.2411,105.4828,0.2600,0.1347
111.7742,6.1960,19.3673,6.7895,20.4075,1.1977,105.7589,0.2600,0.1579
111.9741,6.1502,19.3958,6.7505,20.4300,1.1958,106.1606,0.2517,0.1579
112.1741,6.1070,19.4208,6.6985,20.4598,1.1956,104.8850,0.2600,0.1440
112.3741,6.0633,19.4450,6.6594,20.4821,1.1963,104.7397,0.2600,0.1579
112.5742,6.0162,19.4695,6.6073,20.5118,1.1982,104.9484,0.2600,0.0758
112.7741,5.9707,19.4920,6.5664,20.5226,1.1903,103.5930,0.2600,0.1579
112.9741,5.9255,19.5132,6.5144,20.5525,1.1945,103.1824,0.2600,0.0526
113.1741,5.8805,19.5335,6.4753,20.5748,1.1993,104.7153,0.2600,0.0526
113.3741,5.8310,19.5548,6.4363,20.5972,1.2054,104.4688,0.2600,0.1579
113.5741,5.7847,19.5734,6.3842,20.6270,1.2122,102.9207,0.2600,0.0000
113.7741,5.7380,19.5916,6.3464,20.6544,1.2246,103.2847,0.2600,0.0526
113.9741,5.6917,19.6092,6.2943,20.6840,1.2322,103.4023,0.2480,0.0526
114.1741,5.6408,19.6279,6.2552,20.7063,1.2411,102.9180,0.2600,-0.0280
114.3741,5.5938,19.6452,6.2160,20.7285,1.2493,102.6222,0.2600,0.0352
114.5742,5.5475,19.6620,6.1638,20.7581,1.2574,102.7369,0.2600,0.0000
114.7741,5.4999,19.6793,6.1379,20.8036,1.2927,101.7567,0.2600,-0.0526
114.9742,5.4531,19.6966,6.0988,20.8259,1.3008,101.2209,0.2600,-0.0526
115.1741,5.4020,19.7160,6.0466,20.8555,1.3092,101.0478,0.2600,-0.0023
115.3741,5.3553,19.7339,6.0075,20.8778,1.3167,101.7131,0.2600,0.0000
115.5741,5.3094,19.7515,5.9683,20.8999,1.3241,102.0658,0.2597,0.0000
115.7741,5.2623,19.7696,5.9161,20.9295,1.3315,101.6464,0.2496,0.0000
115.9741,5.2157,19.7874,5.8713,20.9387,1.3248,100.7048,0.2600,0.0000
116.1741,5.1659,19.8062,5.8191,20.9684,1.3332,101.8740,0.2600,-0.0175
116.3741,5.1190,19.8236,5.7800,20.9906,1.3412,101.7496,0.2600,0.1579
116.5741,5.0724,19.8395,5.7409,21.0128,1.3504,101.0004,0.2600,0.1579
116.7741,5.0211,19.8559,5.6887,21.0424,1.3614,100.8971,0.2600,0.0526
116.9741,4.9733,19.8708,5.6692,21.0840,1.3986,100.7946,0.2466,0.0000
117.1741,4.9256,19.8856,5.6170,21.1137,1.4093,100.1471,0.2600,-0.0526
117.3741,4.8773,19.9008,5.5779,21.1358,1.4200,99.0863,0.2600,0.0526
117.5740,4.8303,19.9154,5.5387,21.1580,1.4304,99.7341,0.2600,0.0520
117.7740,4.7790,19.9310,5.4865,21.1876,1.4421,100.4434,0.2600,0.0000
117.9740,4.7305,19.9458,5.4692,21.2282,1.4800,99.5317,0.2600,-0.0352
118.1740,4.6828,19.9605,5.4170,21.2579,1.4907,98.3363,0.2600,-0.0526
118.3740,4.6345,19.9759,5.3779,21.2801,1.5012,98.1055,0.2600,0.0000
118.5741,4.5833,19.9927,5.3257,21.3097,1.5118,98.6949,0.2600,-0.0404
118.7740,4.5366,20.0084,5.2865,21.3319,1.5212,99.4034,0.2600,0.0000
118.9740,4.4886,20.0248,5.2247,21.3430,1.5098,98.4614,0.2600,-0.0526
119.1740,4.4421,20.0410,5.1855,21.3650,1.5185,98.1131,0.2597,0.0000
119.3740,4.3942,20.0575,5.1462,21.3870,1.5275,97.8223,0.2600,0.0387
119.5740,4.3483,20.0733,5.0939,21.4163,1.5361,98.5230,0.2600,0.0000
119.7741,4.2973,20.0909,5.0546,21.4383,1.5456,98.4730,0.2600,0.0000
119.9740,4.2501,20.1072,5.0182,21.4741,1.5680,98.1834,0.2592,-0.0526
120.1740,4.2006,20.1247,4.9789,21.4962,1.5769,98.3203,0.2573,0.0000
120.3740,4.1535,20.1415,4.9266,21.5255,1.5854,97.6208,0.2600,0.0000
120.5740,4.1072,20.1582,4.8874,21.5475,1.5934,96.6492,0.2600,-0.0526
120.7740,4.0601,20.1757,4.8350,21.5768,1.6012,97.0151,0.2463,0.0000
120.9740,4.0135,20.1932,4.7957,21.5988,1.6086,97.0991,0.2597,0.0000
121.1740,3.9632,20.2122,4.6355,21.6184,1.5586,95.9451,0.2600,0.0000
121.3740,3.9163,20.2296,4.5812,21.6439,1.5628,95.7811,0.2600,0.0299
121.5740,3.8700,20.2465,4.5269,21.6693,1.5672,95.4269,0.2600,0.0122
121.7740,3.8229,20.2634,4.3170,21.7498,1.5663,96.0466,0.2600,0.0526
121.9740,3.7721,20.2812,4.2600,21.7683,1.5651,95.7189,0.2490,0.0526
122.1740,3.7248,20.2972,4.4162,21.7443,1.6038,94.9237,0.2592,0.0526
122.3740,3.6779,20.3127,4.3619,21.7698,1.6097,95.2806,0.2463,0.0526
122.5740,3.6304,20.3280,4.3076,21.7953,1.6160,94.4797,0.2600,0.0000
122.7740,3.5791,20.3445,4.2668,21.8144,1.6228,94.2365,0.2600,0.0000
122.9739,3.5309,20.3602,4.0290,21.9053,1.6234,94.0619,0.2600,-0.0526
123.1739,3.4842,20.3756,4.1852,21.8595,1.6411,93.9780,0.2597,0.0000
123.3740,3.4329,20.3925,4.1309,21.8851,1.6477,94.4462,0.2600,0.0526
123.5739,3.3853,20.4077,4.0902,21.9042,1.6543,93.5110,0.2600,0.0000
123.7740,3.3377,20.4228,4.0359,21.9296,1.6606,92.9943,0.2600,0.0000
123.9739,3.2898,20.4384,3.8127,22.0169,1.6629,92.5180,0.2499,-0.0070
124.1739,3.2424,20.4540,3.8746,21.9765,1.6485,92.5094,0.2600,0.0000
124.3739,3.1949,20.4697,3.8192,21.9995,1.6523,92.6446,0.2600,0.0000
124.5739,3.1481,20.4850,3.7776,22.0167,1.6560,92.5167,0.2600,0.0526
124.7739,3.0968,20.5016,3.7222,22.0396,1.6602,92.9394,0.2600,0.0000
124.9739,3.0493,20.5171,3.7222,22.0396,1.6646,92.8815,0.2504,0.0000
125.1739,3.0018,20.5324,3.7084,22.0456,1.6700,91.8916,0.2592,0.0000
125.3739,2.9541,20.5476,3.6124,22.1088,1.6943,91.7138,0.2600,-0.0023
125.5739,2.9028,20.5640,3.5570,22.1320,1.6990,91.4686,0.2600,0.0000
125.7739,2.8559,20.5790,3.5155,22.1493,1.7033,91.5519,0.2600,0.0526
125.9739,2.8087,20.5937,3.4879,22.1610,1.7082,92.4824,0.2463,0.0526
126.1739,2.7566,20.6096,3.4604,22.1732,1.7147,91.7141,0.2584,-0.0526
126.3739,2.7095,20.6243,3.3625,22.2380,1.7408,90.7755,0.2600,0.0000
126.5739,2.6612,20.6394,3.3208,22.2548,1.7449,89.7978,0.2600,-0.0526
126.7739,2.6135,20.6544,3.2652,22.2774,1.7489,89.6247,0.2600,0.0000
126.9739,2.5621,20.6704,3.2652,22.2774,1.7541,90.1732,0.2600,0.0526
127.1739,2.5147,20.6847,3.2515,22.2836,1.7605,91.2513,0.2463,0.0000
127.3739,2.4671,20.6990,3.1338,22.3517,1.7821,90.4145,0.2584,0.0404
127.5739,2.4194,20.7132,3.0920,22.3684,1.7867,90.0271,0.2600,0.0000
127.7739,2.3685,20.7283,3.0364,22.3909,1.7917,89.4749,0.2600,0.0000
127.9739,2.3206,20.7427,3.0225,22.3965,1.7966,89.5222,0.2600,0.0000
128.1739,2.2733,20.7568,3.0225,22.3965,1.8027,89.6516,0.2463,0.0000
128.3738,2.2249,20.7715,2.9122,22.4779,1.8397,88.9214,0.2600,0.0000
128.5738,2.1777,20.7857,2.8705,22.4948,1.8441,89.4819,0.2463,0.0000
128.7738,2.1303,20.8003,2.8288,22.5117,1.8485,88.8836,0.2592,0.0000
128.9738,2.0794,20.8159,2.8149,22.5173,1.8536,89.0929,0.2600,-0.0227
129.1739,2.0323,20.8305,2.8012,22.5235,1.8595,88.7566,0.2479,0.0000
129.3738,1.9839,20.8455,2.7050,22.5877,1.8855,87.9372,0.2597,0.0000
129.5738,1.9369,20.8599,2.6633,22.6047,1.8900,87.7439,0.2600,0.0000
129.7738,1.8890,20.8745,2.6079,22.6276,1.8948,87.5692,0.2600,0.0000
129.9738,1.8419,20.8888,2.5801,22.6390,1.8995,87.8537,0.2583,0.0000
130.1738,1.7934,20.9036,2.5664,22.6450,1.9053,87.1179,0.2600,-0.0503
130.3739,1.7450,20.9186,2.2436,22.7622,1.9099,86.2209,0.2600,0.0000
130.5738,1.6942,20.9344,2.4236,22.7248,1.9332,86.8126,0.2600,-0.0023
130.7738,1.6466,20.9495,2.3820,22.7420,1.9375,86.6431,0.2600,0.0000
130.9738,1.5990,20.9647,2.3403,22.7590,1.9414,86.0511,0.2600,0.0000
131.1738,1.5512,20.9802,2.3403,22.7590,1.9460,85.7582,0.2472,0.0000
131.3738,1.5041,20.9957,2.3266,22.7651,1.9512,86.0025,0.2597,0.0000
131.5738,1.4572,21.0112,2.1924,22.8379,1.9691,86.5439,0.2600,0.0526
131.7738,1.4098,21.0270,2.1507,22.8548,1.9722,86.0590,0.2600,-0.0526
131.9738,1.3625,21.0431,2.0951,22.8773,1.9751,85.3571,0.2600,0.0526
132.1738,1.3151,21.0591,2.0951,22.8773,1.9784,85.0099,0.2463,0.0000
132.3738,1.2644,21.0762,2.0814,22.8835,1.9834,85.3563,0.2600,-0.0526
132.5738,1.2171,21.0924,1.2881,22.9183,1.8273,84.8438,0.2600,0.0070
132.7738,1.1704,21.1079,1.2731,22.9189,1.8140,84.8398,0.2600,0.1579
132.9738,1.1226,21.1227,1.2282,22.9218,1.8021,84.6678,0.2600,0.0526
133.1738,1.0744,21.1370,1.1683,22.9250,1.7905,84.4891,0.2466,0.0526
133.3738,1.0267,21.1507,1.1084,22.9279,1.7790,83.9744,0.2592,0.0000
133.5738,0.9786,21.1644,1.0435,23.0385,1.8752,83.8301,0.2600,0.0526
133.7737,0.9279,21.1781,1.0285,23.0392,1.8638,84.2989,0.2600,0.0404
133.9737,0.8796,21.1910,0.9986,23.0411,1.8539,83.9137,0.2600,0.0023
134.1738,0.8319,21.2035,0.9237,23.0453,1.8441,83.9564,0.2600,0.0526
134.3737,0.7832,21.2157,0.8638,23.0482,1.8343,83.4683,0.2466,0.0526
134.5738,0.7349,21.2274,0.8188,23.0503,1.8249,82.8266,0.2592,0.0000
134.7737,0.6825,21.2401,0.8038,23.1601,1.9238,82.6829,0.2600,0.0000
134.9737,0.6383,21.2509,0.7439,23.1637,1.9158,83.2617,0.2600,-0.0526
135.1737,0.5907,21.2629,0.6839,23.1667,1.9061,83.4549,0.2463,-0.0526
135.3737,0.5425,21.2754,0.6390,23.1689,1.8960,83.1211,0.2479,0.0122
135.5737,0.4941,21.2877,0.5940,23.1711,1.8860,81.9098,0.2600,-0.0526
135.7737,0.4413,21.3013,0.5739,23.2789,1.9820,81.0863,0.2600,0.0000
135.9737,0.3936,21.3136,0.4690,23.2844,1.9723,81.5513,0.2600,-0.0503
136.1737,0.3446,21.3265,0.4091,23.2866,1.9611,80.9891,0.2600,-0.0526
136.3738,0.2957,21.3399,0.3491,23.2883,1.9491,80.5093,0.2600,-0.0526
136.5737,0.2439,21.3546,0.2891,23.2897,1.9356,80.2786,0.2600,-0.0526
136.7737,0.1959,21.3687,0.3258,23.3994,2.0348,80.8349,0.2600,0.0000
136.9737,0.1487,21.3828,0.2359,23.4042,2.0233,81.0617,0.2600,0.0000
137.1737,0.1005,21.3972,0.1609,23.4069,2.0105,80.5245,0.2600,-0.0070
137.3737,0.0533,21.4117,0.1010,23.4085,1.9974,79.9742,0.2463,0.0000
137.5737,0.0049,21.4266,0.0560,23.4096,1.9837,79.9623,0.2600,0.0000
137.7737,-0.0428,21.4413,-0.0336,23.1731,1.7319,79.7698,0.2600,0.0000
137.9737,-0.0938,21.4563,-0.0936,23.1733,1.7170,79.5551,0.2600,0.1579
138.1737,-0.1422,21.4689,-0.1386,23.1734,1.7045,79.3041,0.2600,0.1579
138.3737,-0.1896,21.4797,-0.1836,23.1734,1.6937,80.3117,0.2583,0.1579
138.5737,-0.2425,21.4900,-0.2436,23.1735,1.6835,79.9308,0.2600,0.1579
138.7737,-0.2918,21.4980,-0.2870,23.2932,1.7952,79.4051,0.2490,0.1579
138.9737,-0.3413,21.5049,-0.3320,23.2933,1.7884,78.6227,0.2592,0.0000
139.1737,-0.3946,21.5123,-0.3920,23.2934,1.7811,78.2564,0.2560,0.0000
139.3737,-0.4436,21.5189,-0.4370,23.2935,1.7746,78.7198,0.2600,0.0404
139.5737,-0.4917,21.5253,-0.4970,23.2935,1.7682,78.7265,0.2600,0.0000
139.7737,-0.5413,21.5320,-0.5420,23.2936,1.7617,78.6341,0.2600,0.0526
139.9737,-0.5904,21.5382,-0.5881,23.3832,1.8450,77.8286,0.2466,0.0000
140.1737,-0.6404,21.5445,-0.6331,23.3833,1.8388,77.2712,0.2600,0.0000
140.3737,-0.6895,21.5509,-0.6931,23.3834,1.8325,76.7252,0.2600,-0.0526
140.5737,-0.7391,21.5578,-0.7381,23.3835,1.8257,76.8595,0.2600,-0.0526
140.7736,-0.7918,21.5655,-0.7831,23.3835,1.8181,77.5187,0.2600,0.0070
140.9736,-0.8399,21.5724,-0.8425,23.4432,1.8709,77.9215,0.2463,0.0000
141.1736,-0.8895,21.5794,-0.8875,23.4433,1.8639,77.3131,0.2463,0.0000
141.3736,-0.9388,21.5864,-0.9325,23.4434,1.8570,75.9851,0.2600,0.0000
141.5736,-0.9883,21.5932,-0.9925,23.4435,1.8503,75.8697,0.2592,0.0526
141.7736,-1.0411,21.5999,-1.0375,23.4436,1.8436,76.3155,0.2600,0.0526
141.9736,-1.0893,21.6055,-1.0835,23.3236,1.7181,76.2786,0.2600,0.2057
142.1736,-1.1385,21.6099,-1.1435,23.3237,1.7138,76.6895,0.2466,0.1579
142.3736,-1.1923,21.6130,-1.1885,23.3237,1.7107,76.1934,0.2490,0.1579
142.5736,-1.2422,21.6142,-1.2485,23.3237,1.7095,74.9429,0.2597,0.1579
142.7736,-1.2922,21.6142,-1.2935,23.3237,1.7096,74.6683,0.2600,0.0526
142.9736,-1.3407,21.6137,-1.3378,23.3836,1.7700,75.1824,0.2600,0.0526
143.1736,-1.3878,21.6127,-1.3828,23.3837,1.7710,77.6242,0.2521,0.0526
143.3736,-1.4347,21.6113,-1.4278,23.3837,1.7724,78.8973,0.2329,0.0000
143.5736,-1.4845,21.6097,-1.4878,23.3837,1.7740,76.1878,0.2463,0.0000
143.7736,-1.5343,21.6083,-1.5328,23.3837,1.7754,73.7202,0.2600,0.0000
143.9737,-1.5882,21.6069,-1.5883,23.4136,1.8067,73.4211,0.2600,0.0000
144.1736,-1.6382,21.6057,-1.6333,23.4137,1.8080,73.1557,0.2600,0.0000
144.3736,-1.6867,21.6044,-1.6933,23.4137,1.8093,74.0713,0.2591,0.0000
144.5736,-1.7371,21.6031,-1.7383,23.4137,1.8106,73.5760,0.2600,0.0000
144.7735,-1.7864,21.6018,-1.7833,23.4137,1.8119,72.7065,0.2463,0.0000
144.9735,-1.8370,21.6005,-1.8433,23.4138,1.8133,72.3211,0.2600,0.0000
145.1737,-1.8909,21.5991,-1.8939,23.4736,1.8745,72.1869,0.2597,0.0000
145.3735,-1.9394,21.5978,-1.9389,23.4737,1.8758,72.6251,0.2600,0.0526
145.5735,-1.9872,21.5965,-1.9839,23.4737,1.8772,74.3334,0.2557,0.0000
145.7735,-2.0360,21.5951,-2.0289,23.4737,1.8787,73.7802,0.2463,0.0000
145.9735,-2.0883,21.5936,-2.0889,23.4738,1.8802,73.9096,0.2463,0.0000
146.1735,-2.1388,21.5920,-2.1326,23.3536,1.7616,71.0871,0.2600,0.1579
146.3735,-2.1880,21.5893,-2.1926,23.3536,1.7644,70.8671,0.2600,0.1579
146.5735,-2.2423,21.5849,-2.2376,23.3536,1.7688,70.6342,0.2560,0.0526
146.7735,-2.2907,21.5802,-2.2976,23.3537,1.7735,71.0950,0.2600,0.1579
146.9735,-2.3403,21.5740,-2.3426,23.3537,1.7796,70.5387,0.2597,0.1579
147.1735,-2.3898,21.5664,-2.3915,23.3836,1.8173,70.3766,0.2600,0.0526
147.3735,-2.4383,21.5580,-2.4365,23.3836,1.8256,69.8749,0.2600,0.0526
147.5736,-2.4875,21.5491,-2.4815,23.3836,1.8346,69.7044,0.2600,0.0000
147.7735,-2.5397,21.5395,-2.5415,23.3837,1.8442,69.7852,0.2600,-0.0227
147.9735,-2.5889,21.5307,-2.5865,23.3837,1.8530,69.7071,0.2600,-0.0526
148.1735,-2.6375,21.5226,-2.6434,23.3837,1.8611,69.5717,0.2466,-0.0503
148.3735,-2.6875,21.5141,-2.6884,23.3837,1.8696,68.8854,0.2600,0.1579
148.5735,-2.7411,21.5040,-2.7334,23.3837,1.8798,68.0478,0.2600,0.0526
148.7736,-2.7894,21.4944,-2.7934,23.3838,1.8894,68.4588,0.2600,0.0000
148.9735,-2.8378,21.4848,-2.8384,23.3839,1.8992,69.1077,0.2600,-0.0526
149.1735,-2.8861,21.4755,-2.8860,23.4137,1.9382,69.0860,0.2591,-0.0526
149.3735,-2.9350,21.4666,-2.9310,23.4137,1.9472,68.6893,0.2471,-0.0526
149.5735,-2.9842,21.4581,-2.9760,23.4138,1.9558,67.9986,0.2600,0.0526
149.7735,-3.0334,21.4492,-3.0210,23.4139,1.9647,67.5467,0.2600,0.0000
149.9735,-3.0865,21.4395,-3.0810,23.4141,1.9746,67.2689,0.2600,0.0526
150.1735,-3.1348,21.4304,-3.1260,23.4144,1.9840,67.3856,0.2600,0.0000
150.3735,-3.1840,21.4210,-3.1710,23.4147,1.9938,67.5118,0.2600,-0.0526
150.5735,-3.2325,21.4122,-3.2010,23.4151,2.0032,67.2438,0.2479,-0.0526
150.7735,-3.2824,21.4036,-3.2460,23.4159,2.0126,66.5855,0.2597,0.0526
150.9735,-3.3349,21.3943,-3.2759,23.4166,2.0232,66.9837,0.2600,0.0352
151.1735,-3.3794,21.3860,-3.3059,23.4176,2.0329,66.5292,0.2600,0.0526
151.3735,-3.4278,21.3767,-3.4309,23.4479,2.0712,66.4245,0.2583,0.0000
151.5735,-3.4804,21.3666,-5.1655,22.5527,2.0606,66.5241,0.2517,-0.0246
151.7735,-3.5302,21.3575,-5.1828,22.5282,2.0253,65.9497,0.2573,-0.0352
151.9735,-3.5787,21.3488,-5.2002,22.5037,1.9907,65.3967,0.2597,-0.0526
152.1736,-3.6281,21.3405,-5.2261,22.4670,1.9552,65.1785,0.2600,-0.0526
152.3735,-3.6767,21.3329,-5.2435,22.4425,1.9199,65.0877,0.2600,-0.0526
152.5735,-3.7300,21.3246,-5.2695,22.4058,1.8812,65.0525,0.2600,0.0526
152.7734,-3.7795,21.3165,-5.2868,22.3813,1.8454,65.0205,0.2463,0.0000
152.9734,-3.8286,21.3083,-5.3041,22.3568,1.8100,64.4695,0.2600,0.0000
153.1734,-3.8778,21.3000,-5.3301,22.3200,1.7747,64.3085,0.2584,0.0000
153.3735,-3.9257,21.2918,-5.3474,22.2955,1.7402,64.7395,0.2600,-0.0526
153.5734,-3.9790,21.2832,-5.3733,22.2588,1.7017,64.0072,0.2600,-0.0387
153.7735,-4.0237,21.2760,-5.3906,22.2343,1.6693,64.1088,0.2591,0.0526
153.9735,-4.0737,21.2674,-5.4079,22.2098,1.6334,63.5923,0.2600,0.0000
154.1734,-4.1229,21.2588,-5.4252,22.1852,1.5983,62.8555,0.2600,0.0526
154.3734,-4.1759,21.2490,-5.4512,22.1485,1.5606,63.1813,0.2600,0.0000
154.5734,-4.2251,21.2399,-5.4685,22.1240,1.5257,62.9646,0.2600,-0.0023
154.7734,-4.2728,21.2313,-5.4944,22.0872,1.4916,63.6122,0.2600,-0.0526
154.9734,-4.3222,21.2230,-5.5117,22.0627,1.4560,63.4195,0.2600,-0.0526
155.1734,-4.3715,21.2151,-5.5290,22.0382,1.4203,62.3758,0.2600,0.0526
155.3734,-4.4247,21.2062,-5.5575,22.0035,1.3853,62.2769,0.2600,0.0526
155.5735,-4.4746,21.1973,-5.5747,21.9790,1.3496,61.5286,0.2600,0.0352
155.7734,-4.5230,21.1883,-5.6006,21.9422,1.3151,61.9008,0.2600,0.0000
155.9734,-4.5722,21.1792,-5.6178,21.9176,1.2801,61.9177,0.2600,-0.0526
156.1734,-4.6208,21.1702,-5.6437,21.8808,1.2455,61.7889,0.2463,0.0526
156.3734,-4.6703,21.1605,-5.6609,21.8562,1.2105,61.3185,0.2600,0.0000
156.5734,-4.7189,21.1507,-5.7453,21.7949,1.2119,61.1921,0.2597,-0.0526
156.7734,-4.7674,21.1413,-5.7613,21.7695,1.1758,61.7751,0.2600,0.0000
156.9734,-4.8157,21.1321,-5.7773,21.7441,1.1398,61.3069,0.2600,0.0000
157.1735,-4.8687,21.1223,-5.8012,21.7060,1.1001,61.1965,0.2600,0.0000
157.3734,-4.9181,21.1135,-5.8172,21.6806,1.0630,60.7550,0.2463,-0.0526
157.5734,-4.9665,21.1056,-5.8431,21.6495,1.0317,60.7670,0.2463,-0.0526
157.7734,-5.0122,21.0987,-5.8588,21.6240,0.9964,60.7635,0.2600,-0.0526
157.9734,-5.0641,21.0914,-5.8746,21.5985,0.9560,60.6183,0.2600,-0.0526
158.1734,-5.1137,21.0850,-5.8982,21.5602,0.9172,60.2623,0.2600,-0.0526
158.3734,-5.1620,21.0792,-5.9139,21.5346,0.8792,60.4249,0.2490,-0.0526
158.5734,-5.2117,21.0738,-5.9211,21.5152,0.8356,60.3514,0.2471,-0.0526
158.7734,-5.2613,21.0689,-5.9371,21.4898,0.7961,59.2234,0.2600,-0.0526
158.9734,-5.3111,21.0645,-5.9531,21.4644,0.7563,59.0488,0.2600,-0.0526
159.1733,-5.3610,21.0606,-5.9690,21.4390,0.7162,58.8159,0.2600,0.0514
159.3734,-5.4132,21.0563,-5.9850,21.4136,0.6743,59.0918,0.2600,0.0526
159.5734,-5.4634,21.0519,-5.9971,21.3898,0.6317,58.7542,0.2600,-0.0189
159.7734,-5.5125,21.0475,-6.0133,21.3646,0.5928,58.2147,0.2479,0.0526
159.9733,-5.5629,21.0425,-6.0296,21.3393,0.5531,57.8587,0.2597,0.0526
160.1734,-5.6119,21.0372,-6.0458,21.3141,0.5148,57.6518,0.2600,0.0000
160.3733,-5.6616,21.0319,-6.0622,21.2890,0.4760,57.4772,0.2600,0.0000
160.5733,-5.7099,21.0267,-6.0775,21.2676,0.4395,58.1562,0.2583,-0.0520
160.7733,-5.7596,21.0216,-6.0859,21.2552,0.4012,57.9845,0.2600,-0.0526
160.9733,-5.8094,21.0170,-6.1031,21.2306,0.3631,57.4054,0.2600,0.1579
161.1733,-5.8629,21.0112,-6.1211,21.2066,0.3238,56.4616,0.2597,0.0526
161.3733,-5.9119,21.0053,-6.1303,21.1948,0.2891,56.9622,0.2600,0.0526
161.5733,-5.9607,20.9987,-6.1496,21.1718,0.2562,56.5707,0.2600,0.0526
161.7733,-6.0105,20.9917,-6.1706,21.1491,0.2245,56.2276,0.2600,0.0000
161.9733,-6.0593,20.9847,-6.1917,21.1278,0.1950,56.1472,0.2600,0.1556
162.1733,-6.1131,20.9760,-6.2247,21.0972,0.1648,55.4501,0.2573,0.0526
162.3733,-6.1609,20.9676,-6.2479,21.0783,0.1408,56.7457,0.2600,0.0665
162.5733,-6.2092,20.9584,-6.2721,21.0606,0.1200,55.9288,0.2600,0.0000
162.7733,-6.2589,20.9485,-6.3161,21.0357,0.1043,55.0723,0.2600,0.0526
162.9733,-6.3078,20.9382,-6.3558,21.0146,0.0902,54.6632,0.2600,0.0526
163.1733,-6.3610,20.9260,-6.3828,21.0016,0.0786,54.4324,0.2600,0.1579
163.3733,-6.4056,20.9147,-6.4237,20.9829,0.0706,54.2593,0.2600,0.0526
163.5733,-6.4546,20.9015,-6.4672,20.9721,0.0717,54.0863,0.2600,0.1579
163.7733,-6.5025,20.8871,-6.5241,20.9646,0.0805,54.2396,0.2600,0.1579
163.9733,-6.5524,20.8703,-6.5812,20.9461,0.0810,54.5926,0.2463,0.1579
164.1733,-6.5998,20.8528,-6.6109,20.9427,0.0906,53.8996,0.2600,0.1579
164.3733,-6.6453,20.8340,-6.6259,20.9428,0.1105,53.6939,0.2600,0.2632
164.5733,-6.6926,20.8117,-6.6857,20.9485,0.1369,54.6796,0.2557,0.2632
164.7733,-6.7359,20.7885,-6.7410,20.9479,0.1595,55.2168,0.2436,0.2632
164.9733,-6.7771,20.7640,-6.7860,20.9475,0.1837,55.1241,0.2471,0.1648
165.1733,-6.8190,20.7366,-6.8310,20.9461,0.2098,53.2515,0.2463,0.2632
165.3733,-6.8588,20.7077,-6.8759,20.9438,0.2367,53.2296,0.2600,0.1579
165.5733,-6.8986,20.6764,-6.9208,20.9407,0.2653,52.5909,0.2600,0.2632
165.7733,-6.9358,20.6442,-6.9656,20.9369,0.2942,52.2970,0.2600,0.2655
165.9733,-6.9718,20.6093,-6.9806,20.9358,0.3266,52.3821,0.2463,0.2632
166.1732,-7.0047,20.5737,-7.0106,20.9348,0.3612,52.7626,0.2600,0.2632
166.3733,-7.0367,20.5353,-7.0405,20.9345,0.3992,52.4490,0.2591,0.2632
166.5733,-7.0694,20.4916,-7.0705,20.9345,0.4430,51.5259,0.2600,0.1579
166.7732,-7.0952,20.4535,-7.0890,20.9345,0.4810,50.9450,0.2600,0.2632
166.9732,-7.1216,20.4102,-7.1490,20.9326,0.5232,50.7401,0.2600,0.2632
167.1732,-7.1455,20.3672,-7.2086,20.9261,0.5625,50.9583,0.2600,0.1579
167.3735,-7.1686,20.3228,-7.2086,20.9261,0.6047,50.6837,0.2463,0.1579
167.5732,-7.1920,20.2751,-7.2086,20.9261,0.6513,50.9754,0.2600,0.0526
167.7732,-7.2135,20.2299,-7.2086,20.9261,0.6963,50.3508,0.2600,0.0526
167.9732,-7.2345,20.1846,-6.9448,20.7661,0.6497,51.0121,0.2600,0.0526
168.1732,-7.2549,20.1382,-6.9448,20.7661,0.7003,50.6247,0.2600,0.1579
168.3732,-7.2737,20.0918,-6.9448,20.7661,0.7502,50.8314,0.2504,0.1579
168.5732,-7.2910,20.0450,-6.9448,20.7661,0.7999,50.6943,0.2592,0.1509
168.7732,-7.3071,19.9977,-6.9448,20.7661,0.8496,50.4785,0.2600,0.0526
168.9733,-7.3223,19.9508,-6.9462,20.7400,0.8742,50.6557,0.2600,0.1579
169.1732,-7.3370,19.9027,-6.9462,20.7400,0.9240,50.6247,0.2573,0.0232
169.3732,-7.3507,19.8560,-6.9326,20.7336,0.9721,50.8569,0.2471,0.0070
169.5732,-7.3647,19.8073,-6.9326,20.7336,1.0221,50.1181,0.2600,0.0526
169.7732,-7.3778,19.7598,-6.9326,20.7336,1.0707,49.9131,0.2600,0.0526
169.9732,-7.3906,19.7108,-6.9590,20.7631,1.1374,49.0670,0.2600,0.0000
170.1732,-7.4027,19.6631,-6.9590,20.7631,1.1862,49.3867,0.2600,-0.0503
170.3732,-7.4141,19.6185,-6.9451,20.7574,1.2317,49.1539,0.2600,0.0000
170.5733,-7.4276,19.5656,-6.9451,20.7574,1.2858,48.5478,0.2600,-0.0526
170.7732,-7.4400,19.5171,-6.9451,20.7574,1.3354,48.7491,0.2600,0.0000
170.9732,-7.4524,19.4695,-6.9339,20.7606,1.3913,48.5222,0.2600,-0.0503
171.1732,-7.4642,19.4257,-6.9339,20.7606,1.4363,48.6745,0.2572,-0.0036
171.3732,-7.4775,19.3768,-6.9339,20.7606,1.4867,48.1644,0.2600,-0.0526
171.5732,-7.4921,19.3243,-6.9339,20.7606,1.5410,47.5249,0.2584,0.0000
171.7732,-7.5052,19.2774,-6.9339,20.7606,1.5895,48.0595,0.2466,-0.0526
171.9732,-7.5194,19.2287,-6.9157,20.7600,1.6460,47.5002,0.2600,-0.0526
172.1732,-7.5334,19.1816,-6.9157,20.7600,1.6950,47.3495,0.2600,0.0000
172.3731,-7.5479,19.1337,-6.9157,20.7600,1.7449,47.1215,0.2479,0.0000
172.5731,-7.5622,19.0859,-6.9157,20.7600,1.7946,47.0001,0.2600,0.0526
172.7731,-7.5764,19.0379,-6.9157,20.7600,1.8445,46.8021,0.2600,0.0000
172.9732,-7.5904,18.9907,-6.9441,20.7618,1.8854,46.5929,0.2600,0.0000
173.1731,-7.6058,18.9390,-6.9441,20.7618,1.9392,46.7141,0.2600,0.0000
173.3731,-7.6202,18.8908,-6.9300,20.7566,1.9895,46.4015,0.2518,0.0000
173.5731,-7.6334,18.8467,-6.9300,20.7566,2.0354,45.8462,0.2600,0.0000
173.7731,-7.6474,18.7999,-6.9300,20.7566,2.0841,46.0048,0.2472,0.0000
173.9731,-7.6631,18.7478,-6.9300,20.7566,2.1384,45.6334,0.2600,0.0000
174.1731,-7.6766,18.7038,-6.9283,20.7630,2.1909,44.9132,0.2600,-0.1179
174.3731,-7.6931,18.6518,-6.9283,20.7630,2.2454,44.8125,0.2584,-0.0526
174.5731,-7.7089,18.6043,-6.9283,20.7630,2.2954,45.0213,0.2600,-0.0526
174.7731,-7.7251,18.5579,-6.9142,20.7578,2.3446,44.8342,0.2600,-0.0526
174.9731,-7.7408,18.5145,-6.9142,20.7578,2.3907,45.0096,0.2600,0.0000
175.1731,-7.7581,18.4677,-6.9337,20.7923,2.4664,43.9694,0.2600,-0.0526
175.3731,-7.7763,18.4209,-6.9337,20.7923,2.5167,43.9459,0.2466,-0.0539
175.5732,-7.7964,18.3712,-6.9337,20.7923,2.5702,44.0319,0.2600,-0.0526
175.7731,-7.8152,18.3254,-6.9337,20.7923,2.6197,43.9875,0.2463,0.0000
175.9731,-7.8340,18.2805,-6.9337,20.7923,2.6683,44.5991,0.2600,-0.0526
176.1731,-7.8542,18.2340,-7.1079,20.7761,2.6494,43.4498,0.2600,-0.1579
176.3733,-7.8757,18.1881,-7.1079,20.7761,2.6995,42.8939,0.2600,-0.1579
176.5731,-7.8983,18.1441,-7.1079,20.7761,2.7482,42.9150,0.2466,-0.1579
176.7731,-7.9213,18.1025,-7.1079,20.7761,2.7946,44.5766,0.2600,-0.2493
176.9731,-7.9467,18.0603,-7.1079,20.7761,2.8424,43.8252,0.2600,-0.1579
177.1731,-7.9733,18.0188,-7.3232,20.7777,2.8344,43.4088,0.2600,-0.3158
177.3731,-8.0019,17.9787,-7.3232,20.7777,2.8801,43.0531,0.2597,-0.2632
177.5733,-8.0329,17.9395,-7.3232,20.7777,2.9255,42.6570,0.2584,-0.3823
177.7731,-8.0657,17.9033,-7.3232,20.7777,2.9688,42.6802,0.2600,-0.3684
177.9731,-8.1050,17.8659,-7.3232,20.7777,3.0149,42.0499,0.2600,-0.3684
178.1731,-8.1440,17.8338,-7.3496,20.8363,3.1058,41.2864,0.2600,-0.3615
178.3730,-8.1839,17.8047,-7.3496,20.8363,3.1443,41.2547,0.2463,-0.2632
178.5731,-8.2218,17.7800,-7.3496,20.8363,3.1783,41.4222,0.2600,-0.2632
178.7731,-8.2652,17.7549,-7.3496,20.8363,3.2145,40.7769,0.2463,-0.2632
178.9730,-8.3080,17.7331,-7.3496,20.8363,3.2478,41.5641,0.2490,-0.2632
179.1731,-8.3541,17.7119,-7.3446,20.8938,3.3382,40.5525,0.2600,-0.2057
179.3730,-8.3996,17.6928,-7.3446,20.8938,3.3704,39.9725,0.2463,-0.1579
179.5730,-8.4449,17.6755,-7.3446,20.8938,3.4012,40.9732,0.2600,-0.1579
179.7730,-8.4921,17.6593,-7.3446,20.8938,3.4321,39.9599,0.2600,-0.1579
179.9730,-8.5399,17.6446,-7.3446,20.8938,3.4621,39.4853,0.2600,-0.1579
180.1730,-8.5874,17.6313,-7.3446,20.8938,3.4913,39.3612,0.2463,-0.0000
180.3731,-8.6380,17.6177,-7.3685,20.9478,3.5639,39.9292,0.2471,-0.1579
180.5730,-8.6867,17.6061,-7.3685,20.9478,3.5923,39.3847,0.2463,-0.1579
180.7730,-8.7349,17.5963,-7.3685,20.9478,3.6193,38.9387,0.2600,-0.2632
180.9730,-8.7843,17.5882,-7.3685,20.9478,3.6457,38.3666,0.2600,-0.1579
181.1730,-8.8334,17.5817,-7.4239,20.9707,3.6704,38.3018,0.2600,-0.1579
181.3730,-8.8832,17.5767,-7.4258,20.9755,3.6980,38.1694,0.2600,-0.1579
181.5730,-8.9323,17.5734,-7.4396,20.9814,3.7206,38.2036,0.2600,-0.2632
181.7730,-8.9823,17.5724,-7.4396,20.9814,3.7418,37.8414,0.2600,-0.1811
181.9730,-9.0314,17.5737,-7.4396,20.9814,3.7612,37.4972,0.2592,-0.2632
182.1730,-9.0813,17.5776,-7.4396,20.9814,3.7791,37.2978,0.2600,-0.2632
182.3730,-9.1301,17.5840,-7.5051,21.0167,3.7979,37.0493,0.2600,-0.2632
182.5730,-9.1795,17.5933,-7.5051,21.0167,3.8109,36.9460,0.2573,-0.3452
182.7730,-9.2266,17.6052,-7.5051,21.0167,3.8213,36.9182,0.2597,-0.2632
182.9733,-9.2733,17.6193,-7.5051,21.0167,3.8300,37.0706,0.2600,-0.3684
183.1730,-9.3156,17.6348,-7.5051,21.0167,3.8360,36.4093,0.2505,-0.1874
183.3730,-9.3617,17.6543,-12.7068,19.5115,3.8261,36.0054,0.2463,-0.2632
183.5730,-9.4086,17.6770,-12.7068,19.5115,3.7741,36.4306,0.2600,-0.2632
183.7730,-9.4517,17.7009,-12.7068,19.5115,3.7248,35.8600,0.2600,-0.2632
183.9730,-9.4946,17.7279,-12.7068,19.5115,3.6741,35.4644,0.2600,-0.2632
184.1730,-9.5347,17.7559,-12.6995,19.5246,3.6255,35.2703,0.2600,-0.2493
184.3730,-9.5706,17.7829,-12.6997,19.5247,3.5812,35.5687,0.2472,-0.1579
184.5730,-9.6094,17.8140,-12.6924,19.5378,3.5322,35.3638,0.2600,-0.2562
184.7730,-9.6442,17.8442,-12.6924,19.5378,3.4871,34.4249,0.2600,-0.1579
184.9730,-9.6843,17.8812,-12.6851,19.5509,3.4341,34.1247,0.2600,-0.0526
185.1730,-9.7198,17.9154,-12.6778,19.5640,3.3865,34.2534,0.2600,-0.1579
185.3730,-9.7550,17.9508,-12.6705,19.5771,3.3384,34.0605,0.2463,-0.0526
185.5730,-9.7891,17.9863,-12.6630,19.5901,3.2911,35.2045,0.2600,-0.1579
185.7730,-9.8196,18.0198,-12.6557,19.6032,3.2482,34.7250,0.2545,-0.1579
185.9730,-9.8544,18.0601,-12.6484,19.6163,3.1982,34.9841,0.2479,-0.0526
186.1729,-9.8837,18.0951,-12.6411,19.6295,3.1556,34.7575,0.2472,-0.1579
186.3730,-9.9140,18.1332,-12.6338,19.6426,3.1106,34.8531,0.2488,-0.0526
186.5730,-9.9471,18.1757,-12.6192,19.6688,3.0610,34.4604,0.2600,-0.0969
186.7729,-9.9770,18.2156,-12.6119,19.6819,3.0154,33.8553,0.2584,-0.0526
186.9730,-10.0040,18.2522,-12.6046,19.6950,2.9740,33.9713,0.2597,-0.0526
187.1729,-10.0352,18.2951,-12.5900,19.7212,2.9258,33.7973,0.2600,-0.0526
187.3729,-10.0644,18.3358,-12.5827,19.7343,2.8806,33.5351,0.2504,-0.0526
187.5730,-10.0931,18.3766,-12.5680,19.7604,2.8355,33.0311,0.2600,-0.0000
187.7729,-10.1195,18.4144,-12.5607,19.7735,2.7940,32.8583,0.2600,-0.0526
187.9729,-10.1479,18.4554,-12.5534,19.7866,2.7493,32.5658,0.2592,0.0105
188.1729,-10.1763,18.4966,-12.5388,19.8128,2.7044,32.4982,0.2600,-0.0526
188.3730,-10.2048,18.5376,-12.5315,19.8259,2.6596,32.0478,0.2600,-0.0000
188.5729,-10.2310,18.5754,-12.5171,19.8522,2.6184,31.9664,0.2600,-0.0526
188.7729,-10.2593,18.6167,-12.5098,19.8654,2.5737,32.0255,0.2600,-0.0526
188.9729,-10.2868,18.6575,-12.4952,19.8916,2.5298,32.0133,0.2600,-0.0000
189.1729,-10.3148,18.6989,-12.4879,19.9047,2.4852,31.8715,0.2600,0.0526
189.3729,-10.3454,18.7441,-12.4733,19.9309,2.4365,31.3840,0.2573,-0.0000
189.5729,-10.3725,18.7836,-12.4661,19.9440,2.3936,31.8266,0.2466,0.1556
189.7729,-10.4009,18.8240,-12.4515,19.9702,2.3492,31.8171,0.2463,-0.0000
189.9730,-10.4271,18.8617,-12.4442,19.9834,2.3080,31.2735,0.2600,0.0526
190.1729,-10.4554,18.9020,-12.4369,19.9965,2.2637,30.7371,0.2600,-0.0000
190.3729,-10.4836,18.9424,-12.4223,20.0227,2.2194,31.0041,0.2463,-0.0526
190.5729,-10.5118,18.9833,-12.4156,20.0361,2.1755,30.3258,0.2597,-0.0000
190.7729,-10.5403,19.0236,-12.4011,20.0623,2.1311,30.1390,0.2600,0.1579
190.9729,-10.5667,19.0592,-12.3938,20.0755,2.0907,30.2769,0.2600,-0.0000
191.1729,-10.5948,19.0967,-12.3865,20.0886,2.0480,31.0176,0.2326,-0.0000
191.3729,-10.6242,19.1359,-12.3792,20.1017,2.0032,30.4700,0.2466,-0.0000
191.5729,-10.6536,19.1750,-12.3647,20.1279,1.9586,29.7171,0.2600,0.0526
191.7729,-10.6832,19.2135,-12.3568,20.1407,1.9133,29.3917,0.2600,-0.0000
191.9729,-10.7140,19.2538,-12.3495,20.1538,1.8668,28.9006,0.2600,0.0526
192.1729,-10.7446,19.2932,-12.3350,20.1801,1.8209,28.3555,0.2600,-0.0526
192.3729,-10.7752,19.3329,-12.3277,20.1932,1.7750,28.3604,0.2600,0.0457
192.5729,-10.8052,19.3715,-12.3204,20.2063,1.7299,28.3139,0.2344,0.0526
192.7729,-10.8304,19.4036,-12.3135,20.2196,1.6928,30.0210,0.2505,0.1284
192.9729,-10.8628,19.4425,-12.2990,20.2459,1.6456,28.6330,0.2600,0.1579
193.1729,-10.8946,19.4782,-12.2917,20.2590,1.6005,28.0552,0.2386,0.1711
193.3729,-10.9292,19.5138,-12.2844,20.2721,1.5530,27.9963,0.2600,0.1579
193.5729,-10.9643,19.5473,-12.2844,20.2721,1.5060,27.6192,0.2600,0.2632
193.7728,-11.0008,19.5794,-12.2771,20.2852,1.4584,27.8260,0.2600,0.2632
193.9728,-11.0393,19.6101,-12.2698,20.2983,1.4099,26.8124,0.2591,0.3404
194.1729,-11.0807,19.6394,-12.2698,20.2983,1.3595,26.5718,0.2600,0.2701
194.3728,-11.1225,19.6655,-12.2698,20.2983,1.3102,26.3289,0.2463,0.1579
194.5728,-11.1629,19.6883,-12.2698,20.2983,1.2638,26.3391,0.2491,0.2632
194.7728,-11.2069,19.7103,-12.2696,20.2982,1.2144,26.1577,0.2600,0.2632
194.9728,-11.2519,19.7303,-12.2696,20.2982,1.1654,25.9964,0.2369,0.2632
195.1728,-11.2959,19.7471,-12.2768,20.2851,1.1188,26.7963,0.2600,0.3545
195.3728,-11.3441,19.7627,-12.2768,20.2851,1.0690,25.4896,0.2600,0.2632
195.5728,-11.3918,19.7754,-12.2841,20.2719,1.0211,25.1482,0.2463,0.2632
195.7728,-11.4451,19.7867,-12.2919,20.2591,0.9697,24.9060,0.2592,0.2632
195.9728,-11.4945,19.7944,-12.2992,20.2460,0.9227,24.7009,0.2600,0.2632
196.1728,-11.5428,19.7999,-12.3137,20.2197,0.8779,24.7349,0.2600,0.1579
196.3728,-11.5919,19.8040,-12.3210,20.2066,0.8329,24.7674,0.2600,0.1579
196.5728,-11.6411,19.8065,-12.3283,20.1935,0.7886,24.5203,0.2600,0.1579
196.7728,-11.6898,19.8076,-12.3422,20.1669,0.7448,24.5306,0.2463,0.1579
196.9728,-11.7389,19.8069,-12.3495,20.1538,0.7022,24.3082,0.2600,0.1579
197.1728,-11.7896,19.8045,-12.3640,20.1276,0.6591,23.3939,0.2600,0.1579
197.3728,-11.8393,19.8008,-12.3786,20.1013,0.6173,23.2209,0.2600,0.1556
197.5728,-11.8898,19.7959,-12.3932,20.0751,0.5756,22.9901,0.2600,0.0526
197.7728,-11.9390,19.7903,-12.4077,20.0489,0.5353,22.9207,0.2466,0.0526
197.9728,-11.9890,19.7842,-12.4228,20.0229,0.4951,22.7793,0.2584,0.1440
198.1728,-12.0379,19.7778,-12.4374,19.9967,0.4555,22.6022,0.2597,0.0000
198.3728,-12.0875,19.7713,-12.4519,19.9705,0.4153,22.4378,0.2600,0.0526
198.5728,-12.1366,19.7644,-12.4665,19.9443,0.3758,22.1148,0.2600,0.1579
198.7728,-12.1858,19.7560,-12.4810,19.9180,0.3368,22.0887,0.2584,0.1579
198.9728,-12.2341,19.7461,-12.4954,19.8917,0.2992,21.9236,0.2600,0.2632
199.1728,-12.2834,19.7342,-12.5100,19.8655,0.2619,21.4901,0.2600,0.1579
199.3727,-12.3352,19.7193,-12.5319,19.8262,0.2238,21.4483,0.2600,0.2015
199.5728,-12.3788,19.7047,-12.5465,19.7999,0.1928,21.2254,0.2600,0.2632
199.7728,-12.4252,19.6864,-12.5683,19.7606,0.1612,20.8555,0.2600,0.2632
199.9728,-12.4695,19.6659,-12.5827,19.7343,0.1323,21.1615,0.2463,0.2632
200.1728,-12.5135,19.6426,-12.6046,19.6950,0.1052,20.7440,0.2600,0.3636
200.3728,-12.5560,19.6163,-12.6265,19.6557,0.0807,20.3706,0.2471,0.3684
200.5728,-12.5961,19.5877,-12.6484,19.6163,0.0597,20.4016,0.2600,0.3684
200.7727,-12.6316,19.5588,-12.6703,19.5770,0.0427,20.1159,0.2466,0.3684
200.9728,-12.6677,19.5252,-12.6915,19.5373,0.0267,19.9507,0.2463,0.3684
201.1728,-12.7016,19.4887,-12.7134,19.4980,0.0151,19.7469,0.2600,0.3684
201.3727,-12.7308,19.4530,-12.7354,19.4588,0.0074,19.1409,0.2600,0.2632
201.5727,-12.7601,19.4131,-12.7574,19.4195,0.0069,19.0240,0.2488,0.2632
201.7728,-12.7877,19.3714,-12.7867,19.3671,0.0043,18.9981,0.2463,0.2632
201.9727,-12.8126,19.3290,-12.8074,19.3272,0.0055,18.9243,0.2600,0.2632
202.1727,-12.8355,19.2852,-12.8296,19.2880,0.0065,18.6957,0.2600,0.2632
202.3727,-12.8557,19.2411,-12.8591,19.2358,0.0063,18.6378,0.2583,0.2632
202.5727,-12.8742,19.1947,-12.8813,19.1966,0.0073,18.4222,0.2600,0.2632
202.7728,-12.8902,19.1479,-12.9035,19.1575,0.0164,18.0605,0.2463,0.2632
202.9728,-12.9041,19.0993,-12.9256,19.1183,0.0287,17.7724,0.2600,0.0526
203.1727,-12.9165,19.0517,-12.9553,19.0662,0.0415,17.6067,0.2600,0.1579
203.3727,-12.9278,19.0030,-12.9700,19.0400,0.0561,17.4362,0.2600,0.0526
203.5727,-12.9375,18.9580,-13.0000,19.0000,0.0753,17.2241,0.2600,0.1509
203.7728,-12.9469,18.9095,-13.0000,19.0000,0.1049,17.1335,0.2463,0.0000
203.9727,-12.9554,18.8644,-13.0000,19.0000,0.1428,16.9774,0.2597,-0.0503
204.1727,-12.9646,18.8167,-13.0000,19.0000,0.1867,16.8221,0.2600,0.0526
204.3727,-12.9740,18.7676,-13.0000,19.0000,0.2339,16.5270,0.2600,0.0000
204.5727,-12.9831,18.7192,-13.0000,19.0000,0.2813,16.3530,0.2471,-0.0457
204.7727,-12.9928,18.6694,-13.0000,19.0000,0.3306,16.0352,0.2600,0.0000
204.9727,-13.0016,18.6249,-13.0000,19.0000,0.3751,15.8526,0.2600,-0.0526
205.1727,-13.0115,18.5767,-13.0000,19.0000,0.4235,15.6791,0.2600,0.0526
205.3728,-13.0215,18.5277,-13.0000,19.0000,0.4728,15.5823,0.2597,0.0000
205.5727,-13.0313,18.4797,-13.0000,19.0000,0.5212,15.4571,0.2471,0.0000
205.7727,-13.0410,18.4306,-13.0000,19.0000,0.5708,15.3262,0.2463,0.0503
205.9728,-13.0506,18.3816,-13.0000,19.0000,0.6205,15.1100,0.2600,0.0000
206.1727,-13.0600,18.3333,-13.0000,19.0000,0.6694,14.8064,0.2600,-0.0526
206.3727,-13.0701,18.2842,-13.0000,19.0000,0.7192,14.6623,0.2600,0.0122
206.5728,-13.0793,18.2396,-13.0000,19.0000,0.7646,14.4528,0.2472,-0.0526
206.7727,-13.0896,18.1917,-13.0000,19.0000,0.8133,14.3512,0.2597,-0.0526
206.9727,-13.0995,18.1481,-13.0000,19.0000,0.8577,14.2960,0.2600,-0.0036
207.1727,-13.1107,18.0994,-13.0000,19.0000,0.9074,13.9288,0.2600,-0.0526
207.3727,-13.1217,18.0514,-13.0000,19.0000,0.9564,13.7150,0.2600,0.0000
207.5726,-13.1326,18.0026,-13.0000,19.0000,1.0061,13.5542,0.2490,0.0000
207.7727,-13.1427,17.9577,-13.0000,19.0000,1.0520,13.3003,0.2600,0.0000
207.9727,-13.1534,17.9099,-13.0000,19.0000,1.1008,13.2202,0.2479,0.0404
208.1727,-13.1629,17.8666,-13.0000,19.0000,1.1450,13.2408,0.2490,-0.0175
208.3727,-13.1735,17.8192,-13.0000,19.0000,1.1935,13.0665,0.2466,-0.0503
208.5726,-13.1839,17.7745,-13.0000,19.0000,1.2393,12.6285,0.2592,-0.0526
208.7726,-13.1953,17.7265,-13.0000,19.0000,1.2884,12.4785,0.2600,-0.0526
208.9726,-13.2071,17.6787,-13.0000,19.0000,1.3375,12.1841,0.2600,0.0000
209.1727,-13.2195,17.6295,-13.0000,19.0000,1.3880,11.9185,0.2600,0.0000
209.3726,-13.2318,17.5818,-13.0000,19.0000,1.4370,11.8257,0.2466,0.0000
209.5728,-13.2445,17.5327,-13.0000,19.0000,1.4875,11.6116,0.2600,0.0000
209.7727,-13.2557,17.4888,-13.0000,19.0000,1.5327,11.4370,0.2600,0.0000
209.9726,-13.2681,17.4404,-13.0000,19.0000,1.5825,11.2112,0.2600,0.0000
210.1726,-13.2794,17.3964,-13.0000,19.0000,1.6278,11.1536,0.2463,0.0000
210.3726,-13.2917,17.3481,-13.0000,19.0000,1.6774,10.9137,0.2600,0.0000
210.5726,-13.3041,17.2990,-13.0000,19.0000,1.7280,10.5863,0.2600,-0.0122
210.7726,-13.3151,17.2557,-13.0000,19.0000,1.7725,10.5969,0.2591,-0.0526
210.9726,-13.3275,17.2077,-13.0000,19.0000,1.8220,10.4427,0.2600,-0.0023
211.1726,-13.3393,17.1628,-13.0000,19.0000,1.8683,10.0828,0.2480,-0.0006
211.3726,-13.3520,17.1148,-13.0000,19.0000,1.9178,9.9187,0.2600,0.0000
211.5726,-13.3648,17.0664,-13.0000,19.0000,1.9677,9.7414,0.2600,0.0526
211.7726,-13.3761,17.0225,-13.0000,19.0000,2.0129,9.5751,0.2600,0.0526
211.9727,-13.3881,16.9748,-13.0000,19.0000,2.0621,9.4122,0.2600,0.0000
212.1726,-13.4003,16.9256,-13.0000,19.0000,2.1127,9.0892,0.2584,0.0000
212.3726,-13.4123,16.8778,-13.0000,19.0000,2.1619,8.9884,0.2597,0.0526
212.5726,-13.4239,16.8299,-13.0000,19.0000,2.2112,8.8381,0.2600,0.0526
212.7726,-13.4352,16.7823,-13.0000,19.0000,2.2600,8.6665,0.2600,0.0227
212.9726,-13.4465,16.7335,-13.0000,19.0000,2.3100,8.4969,0.2600,0.0526
213.1726,-13.4564,16.6890,-13.0000,19.0000,2.3556,8.2651,0.2472,0.0000
213.3726,-13.4669,16.6412,-13.0000,19.0000,2.4046,8.0710,0.2597,0.0000
213.5726,-13.4776,16.5930,-13.0000,19.0000,2.4539,7.8968,0.2600,-0.0526
213.7726,-13.4886,16.5442,-13.0000,19.0000,2.5039,7.7120,0.2600,0.0280
213.9726,-13.4987,16.4999,-13.0000,19.0000,2.5494,7.5188,0.2463,-0.0526
214.1726,-13.5102,16.4515,-13.0000,19.0000,2.5991,7.2462,0.2600,0.0000
214.3726,-13.5219,16.4028,-13.0000,19.0000,2.6491,7.1523,0.2600,-0.0526
214.5726,-13.5327,16.3588,-13.0000,19.0000,2.6944,6.9694,0.2600,0.0000
214.7726,-13.5445,16.3110,-13.0000,19.0000,2.7435,6.7702,0.2600,0.0526
214.9726,-13.5555,16.2664,-13.0000,19.0000,2.7895,6.5463,0.2597,-0.0526
215.1725,-13.5667,16.2216,-13.0000,19.0000,2.8356,6.3728,0.2600,0.0000
215.3725,-13.5788,16.1739,-13.0000,19.0000,2.8847,6.2007,0.2600,-0.0526
215.5725,-13.5912,16.1255,-13.0000,19.0000,2.9347,5.9936,0.2600,0.0000
215.7725,-13.6034,16.0775,-13.0000,19.0000,2.9841,5.8150,0.2472,0.0000
215.9726,-13.6148,16.0332,-13.0000,19.0000,3.0299,5.6131,0.2600,-0.0526
216.1725,-13.6272,15.9851,-13.0000,19.0000,3.0795,5.4051,0.2600,0.0000
216.3725,-13.6395,15.9374,-13.0000,19.0000,3.1287,5.2226,0.2600,-0.0526
216.5725,-13.6519,15.8896,-13.0000,19.0000,3.1780,5.0984,0.2600,0.0526
216.7725,-13.6641,15.8416,-13.0000,19.0000,3.2275,4.8220,0.2493,0.0175
216.9726,-13.6755,15.7962,-13.0000,19.0000,3.2742,4.6079,0.2600,-0.0526
217.1725,-13.6875,15.7492,-13.0000,19.0000,3.3227,4.4911,0.2600,0.0000
217.3725,-13.6988,15.7053,-13.0000,19.0000,3.3680,4.3206,0.2591,-0.0526
217.5725,-13.7115,15.6566,-13.0000,19.0000,3.4183,4.1425,0.2488,0.0451
217.7725,-13.7241,15.6083,-13.0000,19.0000,3.4682,3.9122,0.2600,0.0000
217.9725,-13.7354,15.5644,-13.0000,19.0000,3.5134,3.6957,0.2600,0.0526
218.1725,-13.7475,15.5159,-13.0000,19.0000,3.5634,3.5231,0.2600,0.0526
218.3725,-13.7581,15.4718,-13.0000,19.0000,3.6088,3.3703,0.2545,0.0000
218.5725,-13.7688,15.4276,-13.0000,19.0000,3.6542,3.1907,0.2463,0.0526
218.7726,-13.7803,15.3791,-13.0000,19.0000,3.7041,3.0820,0.2600,0.1560
218.9725,-13.7906,15.3309,-13.0000,19.0000,3.7533,2.8205,0.2600,0.1579
219.1726,-13.7987,15.2863,-13.0000,19.0000,3.7987,2.6490,0.2600,0.1579
219.3725,-13.8068,15.2362,-13.0000,19.0000,3.8493,2.4714,0.2600,0.0526
219.5725,-13.8142,15.1875,-13.0000,19.0000,3.8985,2.2361,0.2463,0.0526
219.7725,-13.8216,15.1374,-13.0000,19.0000,3.9490,2.1242,0.2600,0.0000
219.9725,-13.8287,15.0895,-13.0000,19.0000,3.9974,1.9083,0.2463,0.0000
220.1725,-13.8346,15.0500,-13.0000,19.0000,4.0372,1.8392,0.2600,0.0000
220.3725,-13.8411,15.0064,-13.0000,19.0000,4.0813,1.6010,0.2365,0.0023
220.5726,-13.8472,14.9646,-13.0000,19.0000,4.1233,1.6156,0.2053,0.0000
220.7725,-13.8522,14.9303,-13.0000,19.0000,4.1580,1.6491,0.1916,0.0000
220.9725,-13.8571,14.8969,-13.0000,19.0000,4.1917,1.6855,0.1642,0.0000
221.1725,-13.8609,14.8688,-13.0000,19.0000,4.2199,1.6819,0.1505,0.2632
221.3726,-13.8635,14.8425,-13.0000,19.0000,4.2462,1.7176,0.1368,0.1579
221.5725,-13.8642,14.8307,-13.0000,19.0000,4.2579,2.5239,-0.0000,0.8118
221.7725,-13.8642,14.8307,-13.0000,19.0000,4.2579,14.4974,-0.0000,1.0000
221.9725,-13.8642,14.8307,-13.0000,19.0000,4.2579,0.0000,0.0000,0.8947
222.1725,-13.8642,14.8307,-13.0000,19.0000,4.2579,0.0000,0.0000,0.8084
222.3725,-13.8642,14.8307,-13.0000,19.0000,4.2579,0.0000,0.0000,0.6949
222.5725,-13.8642,14.8307,-13.0000,19.0000,4.2579,0.0000,0.0000,0.6842
222.7725,-13.8642,14.8307,-13.0000,19.0000,4.2579,0.0000,0.0000,0.5789
222.9725,-13.8642,14.8307,-13.0000,19.0000,4.2579,0.0000,0.0000,0.5789
223.1725,-13.8642,14.8307,-13.0000,19.0000,4.2579,0.0000,-0.0000,0.4737
223.3725,-13.8642,14.8307,-13.0000,19.0000,4.2579,0.0000,-0.0000,0.4737
223.5724,-13.8642,14.8307,-13.0000,19.0000,4.2579,0.0000,-0.0000,0.3684
223.7726,-13.8642,14.8307,-13.0000,19.0000,4.2579,0.0000,-0.0000,0.3684
223.9724,-13.8642,14.8307,-13.0000,19.0000,4.2579,0.0000,-0.0000,0.3545
224.1724,-13.8642,14.8307,-13.0000,19.0000,4.2579,0.0000,-0.0000,0.2632
224.3725,-13.8642,14.8307,-13.0000,19.0000,4.2579,0.0000,-0.0000,0.2632
224.5724,-13.8642,14.8307,-13.0000,19.0000,4.2579,0.0000,-0.0000,0.2632
224.7725,-13.8642,14.8307,-13.0000,19.0000,4.2579,0.0000,-0.0000,0.2632
224.9724,-13.8642,14.8307,-13.0000,19.0000,4.2579,0.0000,-0.0000,0.1579
225.1724,-13.8642,14.8307,-13.0000,19.0000,4.2579,0.0000,-0.0000,0.1579
